Municipalities,Alder,1995,1996,1997,1998,1999,2000,2001,2002,2003,2004,2005,2006,2007,2008,2009,2010,2011,2012,2013,2014,2015,2016,2017,2018
Hele landet,Ukendt alder,-,-,-,<5,-,-,-,-,-,-,-,-,<5,<5,-,<5,<5,<5,-,<5,<5,13,68,55
Hele landet,Alle aldre,17613,18244,17162,16594,16231,15882,15543,15177,15758,15387,15434,15334,15859,16799,16877,16809,16313,16507,16318,15717,15662,14426,14182,14210
Hele landet,15-19,2321,2348,2203,2080,1940,1970,1938,1928,2111,2307,2408,2556,2666,2937,2850,2622,2468,2514,2339,2118,1958,1694,1376,1340
Hele landet,20-24,4137,4261,3947,3603,3458,3310,3156,3147,3180,3146,3087,3199,3432,3832,4025,4247,4270,4372,4397,4184,4187,3798,3609,3518
Hele landet,25-29,4177,4122,3865,3755,3512,3475,3485,3215,3278,3036,2986,2941,2946,3189,3074,3118,3064,3245,3323,3475,3637,3374,3538,3617
Hele landet,30-34,3736,4018,3852,3752,3777,3603,3338,3192,3292,3174,3178,3020,3132,3112,3135,3069,2912,2773,2758,2710,2673,2608,2592,2701
Hele landet,35-39,2272,2454,2383,2403,2612,2550,2701,2777,2831,2648,2651,2411,2521,2580,2599,2578,2504,2470,2366,2144,2115,1936,2018,1988
Hele landet,40-44,865,929,827,909,852,890,852,848,994,998,1042,1126,1091,1066,1083,1084,996,1032,1035,1001,991,925,882,910
Hele landet,45-49,105,112,85,91,80,84,73,70,72,78,82,81,70,81,111,89,98,98,100,84,97,78,99,81
København,Alle aldre,2821,3340,3139,2980,2924,2716,2701,2567,2655,2573,2651,2506,2624,2775,2776,2710,2596,2559,2554,2486,2568,2180,2156,2319
København,15-19,269,307,280,255,262,212,226,209,250,248,294,286,301,330,314,260,265,200,209,181,202,158,91,130
København,20-24,888,1016,936,841,804,707,698,619,603,624,612,638,673,736,798,814,783,772,743,747,702,596,551,572
København,25-29,803,928,890,877,816,835,787,740,745,688,693,597,623,685,635,615,580,664,663,666,735,578,621,700
København,30-34,531,677,638,619,608,560,544,543,554,541,551,527,550,500,534,527,505,444,472,449,421,387,421,458
København,35-39,249,286,311,290,339,297,338,366,373,352,363,317,347,366,334,351,340,345,333,288,334,311,321,307
København,40-44,70,113,77,90,90,98,97,85,122,109,128,129,125,148,154,135,110,128,127,146,161,142,138,136
København,45-49,11,13,7,8,5,7,11,5,8,11,10,12,5,10,7,8,13,6,7,9,13,8,13,16
Frederiksberg,Alle aldre,434,423,428,408,404,374,363,351,373,379,381,333,370,398,365,376,377,353,332,324,323,337,262,328
Frederiksberg,15-19,30,47,36,34,23,18,25,33,30,27,34,35,32,41,46,26,28,29,28,18,19,18,11,13
Frederiksberg,20-24,109,105,105,78,91,80,74,71,81,74,72,72,87,85,90,84,76,92,79,87,79,92,67,75
Frederiksberg,25-29,127,112,116,114,96,96,105,78,86,81,93,65,71,86,72,81,91,84,77,74,73,74,67,86
Frederiksberg,30-34,92,97,100,103,107,103,83,79,88,106,90,81,82,94,73,87,92,80,65,57,64,80,55,74
Frederiksberg,35-39,46,51,47,60,65,62,60,71,60,66,67,55,60,61,55,69,68,50,57,51,59,39,35,49
Frederiksberg,40-44,29,9,22,19,21,14,16,18,28,23,25,24,36,26,27,28,19,18,26,36,28,33,24,29
Frederiksberg,45-49,<5,<5,<5,-,<5,<5,-,<5,-,<5,-,<5,<5,5,<5,<5,<5,-,-,<5,<5,<5,<5,<5
Ballerup,Alle aldre,181,166,195,178,161,140,170,176,183,164,156,181,188,164,180,175,168,178,169,145,132,108,92,113
Ballerup,15-19,24,27,23,24,27,17,18,21,24,20,23,20,38,31,42,24,22,34,23,27,15,14,6,8
Ballerup,20-24,36,38,40,39,35,30,24,36,45,37,37,37,45,42,48,51,50,40,53,45,38,37,30,36
Ballerup,25-29,36,36,44,36,25,29,47,34,30,37,21,42,38,33,20,36,30,34,34,26,26,21,22,27
Ballerup,30-34,53,40,49,50,38,35,35,31,37,37,42,33,27,25,32,28,32,30,28,22,23,18,14,17
Ballerup,35-39,21,22,25,19,28,21,37,45,31,25,26,29,24,24,28,24,27,31,21,19,22,9,17,12
Ballerup,40-44,11,<5,14,7,8,8,9,9,15,7,6,18,16,8,8,11,7,8,10,6,6,9,<5,12
Ballerup,45-49,-,-,-,<5,-,-,-,-,<5,<5,<5,<5,-,<5,<5,<5,-,<5,-,-,<5,-,-,<5
Brøndby,Alle aldre,133,158,150,142,153,130,142,129,131,145,139,122,138,119,143,146,130,141,118,138,140,89,70,67
Brøndby,15-19,19,23,29,22,32,24,17,17,18,29,27,16,26,28,26,24,19,16,15,25,20,7,8,8
Brøndby,20-24,29,23,27,30,32,26,37,27,25,34,32,32,43,22,38,39,39,42,29,27,37,24,14,12
Brøndby,25-29,36,31,30,32,20,20,25,23,30,30,34,26,18,26,25,30,23,21,39,40,30,20,17,17
Brøndby,30-34,25,50,36,35,35,31,35,33,23,20,23,21,25,18,25,32,26,28,18,26,28,17,16,19
Brøndby,35-39,12,25,20,18,25,23,22,23,28,20,13,14,15,17,19,16,14,22,11,17,22,11,9,7
Brøndby,40-44,11,<5,8,<5,9,6,5,6,6,12,9,12,11,7,9,<5,9,10,6,<5,<5,10,6,<5
Brøndby,45-49,<5,<5,-,<5,-,-,<5,-,<5,-,<5,<5,-,<5,<5,<5,-,<5,-,<5,-,-,-,<5
Dragør,Alle aldre,39,42,39,31,36,28,29,35,26,28,34,29,32,36,40,26,34,43,28,32,26,34,15,21
Dragør,15-19,6,7,5,<5,<5,<5,<5,6,5,6,<5,<5,<5,9,10,6,<5,12,<5,<5,6,5,<5,5
Dragør,20-24,6,5,<5,<5,-,<5,<5,<5,<5,<5,<5,<5,5,<5,6,<5,8,9,<5,6,<5,10,<5,5
Dragør,25-29,10,6,8,<5,5,6,<5,5,<5,<5,<5,<5,<5,<5,5,<5,<5,<5,<5,5,-,<5,<5,<5
Dragør,30-34,6,9,12,8,10,<5,10,6,5,12,8,<5,7,9,6,<5,8,9,8,6,9,10,<5,<5
Dragør,35-39,9,12,7,10,14,7,7,9,9,5,9,9,11,11,12,6,7,7,8,<5,7,5,<5,<5
Dragør,40-44,<5,<5,<5,<5,5,<5,5,5,5,-,5,8,5,<5,<5,5,6,<5,<5,6,<5,<5,<5,5
Dragør,45-49,-,-,<5,<5,<5,<5,-,<5,-,<5,-,<5,-,-,-,-,<5,-,<5,<5,-,-,-,-
Gentofte,Alle aldre,209,255,256,236,218,227,227,237,228,216,224,226,188,222,222,217,221,193,219,170,172,150,134,165
Gentofte,15-19,18,23,15,18,16,20,27,20,18,21,27,33,26,23,39,25,30,30,31,16,23,19,13,15
Gentofte,20-24,39,35,40,33,43,28,33,35,30,31,30,38,26,49,36,39,47,41,49,25,35,36,22,30
Gentofte,25-29,49,56,46,33,27,41,33,42,30,28,32,37,30,41,33,40,32,25,28,39,31,30,28,33
Gentofte,30-34,42,62,70,60,53,53,61,48,50,53,44,34,42,40,29,38,33,31,33,33,26,18,16,27
Gentofte,35-39,47,49,62,62,60,60,51,62,73,52,65,55,42,41,53,48,53,39,42,37,31,18,28,40
Gentofte,40-44,10,27,21,28,18,23,21,27,24,28,23,24,22,27,29,23,21,26,29,19,23,27,24,17
Gentofte,45-49,<5,<5,<5,<5,<5,<5,<5,<5,<5,<5,<5,5,-,<5,<5,<5,5,<5,7,<5,<5,<5,<5,<5
Gladsaxe,Alle aldre,217,248,206,257,225,206,230,218,203,175,206,208,203,251,215,226,220,241,217,207,176,166,164,203
Gladsaxe,15-19,32,35,30,27,21,28,20,31,38,22,29,41,27,48,31,40,37,39,38,19,14,22,12,19
Gladsaxe,20-24,40,53,50,50,48,38,42,53,30,38,42,36,43,50,70,52,46,55,43,51,50,37,36,52
Gladsaxe,25-29,46,54,58,64,49,42,49,34,37,34,33,38,47,45,34,40,38,42,50,52,39,34,41,44
Gladsaxe,30-34,53,58,34,53,62,49,57,34,43,34,36,35,39,48,40,43,39,40,34,37,34,31,26,39
Gladsaxe,35-39,34,33,22,41,37,36,48,55,36,22,48,41,34,40,28,36,45,43,34,29,26,34,32,28
Gladsaxe,40-44,12,14,11,20,8,11,13,10,19,22,18,16,13,20,12,14,13,17,16,19,13,8,14,20
Gladsaxe,45-49,-,<5,<5,<5,-,<5,<5,<5,-,<5,-,<5,-,-,-,<5,<5,5,<5,-,-,-,<5,<5
Glostrup,Alle aldre,88,76,75,67,61,63,53,65,74,69,87,64,70,86,87,80,93,78,92,81,79,66,43,58
Glostrup,15-19,11,8,9,5,10,12,11,6,12,7,19,12,15,19,8,<5,8,9,6,10,<5,8,<5,7
Glostrup,20-24,13,18,16,7,11,17,9,21,19,17,27,15,17,18,24,28,27,20,38,17,19,20,8,10
Glostrup,25-29,21,19,14,13,9,6,14,13,16,16,13,12,15,22,24,16,22,13,16,14,24,14,15,15
Glostrup,30-34,30,16,18,26,18,15,8,15,12,17,12,14,16,11,14,12,18,17,14,26,14,14,9,11
Glostrup,35-39,6,12,13,11,11,11,9,6,10,11,10,10,5,13,11,17,11,13,15,9,15,8,6,9
Glostrup,40-44,6,<5,5,<5,<5,<5,<5,<5,5,<5,6,<5,<5,<5,6,<5,7,6,<5,5,<5,<5,<5,6
Glostrup,45-49,<5,-,-,<5,-,-,-,<5,-,-,-,-,-,-,-,-,-,-,-,-,-,-,-,-
Herlev,Alle aldre,102,107,110,103,117,123,110,97,99,85,86,86,100,115,97,107,81,81,98,93,78,95,64,79
Herlev,15-19,17,13,12,19,18,7,9,11,16,19,12,18,19,19,18,20,15,11,14,13,14,13,5,7
Herlev,20-24,19,21,30,24,23,27,21,24,22,14,20,20,21,22,21,30,17,16,23,28,21,23,17,17
Herlev,25-29,20,19,22,22,27,28,33,24,22,18,21,13,12,24,10,14,12,19,23,12,17,17,16,15
Herlev,30-34,27,27,16,19,28,39,22,17,12,17,14,13,19,24,19,21,17,13,24,24,15,22,14,16
Herlev,35-39,13,18,20,15,13,12,18,16,18,11,13,17,20,18,22,15,15,19,10,9,9,12,8,21
Herlev,40-44,6,8,7,<5,7,9,6,5,8,6,5,5,9,8,6,7,5,<5,<5,7,<5,6,<5,<5
Herlev,45-49,-,<5,<5,-,<5,<5,<5,-,<5,-,<5,-,-,-,<5,-,-,-,<5,-,-,<5,-,-
Albertslund,Alle aldre,137,165,145,147,134,105,118,119,146,130,118,124,146,142,123,100,125,107,106,94,118,84,64,64
Albertslund,15-19,19,29,20,25,11,18,15,23,15,35,21,23,26,24,22,17,21,15,16,10,17,15,9,9
Albertslund,20-24,29,44,37,34,38,22,30,33,37,34,31,33,47,43,34,18,46,23,26,26,28,24,18,15
Albertslund,25-29,40,30,22,27,29,23,30,21,34,25,27,20,30,22,32,22,14,27,16,34,20,18,13,14
Albertslund,30-34,26,38,43,38,27,25,22,15,29,20,15,22,21,28,19,31,28,22,18,17,29,12,7,10
Albertslund,35-39,16,17,17,19,22,13,18,22,25,14,12,18,16,15,15,8,10,15,18,6,15,8,12,13
Albertslund,40-44,6,7,5,<5,7,<5,<5,5,6,<5,10,8,6,10,<5,<5,5,5,12,<5,9,7,<5,<5
Albertslund,45-49,<5,-,<5,-,-,<5,<5,-,-,-,<5,-,-,-,-,-,<5,-,-,-,-,-,<5,-
Hvidovre,Alle aldre,204,218,205,228,201,167,172,203,211,209,206,184,213,214,214,187,222,223,197,203,198,185,144,84
Hvidovre,15-19,30,29,35,29,30,19,26,31,31,34,24,27,50,37,32,37,23,31,23,28,23,19,21,<5
Hvidovre,20-24,50,46,41,59,46,49,35,49,51,62,54,50,50,53,37,47,71,54,50,59,53,58,31,19
Hvidovre,25-29,46,62,27,48,36,38,39,43,49,49,38,34,42,44,45,44,37,56,36,47,51,52,44,25
Hvidovre,30-34,41,49,61,47,59,24,40,37,40,27,37,31,31,40,47,26,41,49,44,41,34,27,20,18
Hvidovre,35-39,30,25,30,33,21,23,27,29,24,24,41,31,23,30,36,22,35,23,23,18,23,17,20,16
Hvidovre,40-44,7,7,10,11,9,13,5,12,16,12,11,10,17,10,17,11,14,9,21,8,14,11,7,<5
Hvidovre,45-49,-,-,<5,<5,-,<5,-,<5,-,<5,<5,<5,-,-,-,-,<5,<5,-,<5,-,<5,<5,-
Høje-Taastrup,Alle aldre,195,197,198,182,173,142,187,157,177,172,160,188,152,165,166,181,165,175,176,174,164,151,100,92
Høje-Taastrup,15-19,26,25,24,19,27,17,11,21,30,28,21,31,23,30,26,24,21,30,17,17,26,22,6,11
Høje-Taastrup,20-24,42,50,47,40,41,30,45,37,41,36,37,39,30,33,38,50,37,40,37,42,47,36,19,24
Høje-Taastrup,25-29,45,36,41,39,24,31,47,39,38,33,32,44,27,41,32,43,37,40,48,55,31,34,23,19
Høje-Taastrup,30-34,48,41,39,53,42,36,40,28,28,34,29,31,39,24,37,31,30,36,34,26,28,29,24,12
Høje-Taastrup,35-39,20,34,33,25,28,20,33,25,29,25,30,28,22,29,24,23,28,21,26,23,27,23,24,14
Høje-Taastrup,40-44,12,10,12,5,10,7,11,6,10,15,10,13,10,8,8,10,11,6,13,10,5,7,<5,12
Høje-Taastrup,45-49,<5,<5,<5,<5,<5,<5,-,<5,<5,<5,<5,<5,<5,-,<5,-,<5,<5,<5,<5,-,-,-,-
Lyngby-Taarbæk,Alle aldre,145,167,172,142,151,155,140,130,138,150,140,124,132,133,150,149,136,136,144,116,96,97,108,95
Lyngby-Taarbæk,15-19,12,15,17,16,15,17,9,15,16,22,21,20,13,16,23,22,17,16,23,17,13,7,8,8
Lyngby-Taarbæk,20-24,25,35,25,21,21,18,26,24,20,26,26,19,34,26,33,24,28,34,33,26,24,28,20,13
Lyngby-Taarbæk,25-29,31,26,39,30,26,22,24,21,32,29,24,20,23,28,21,19,21,24,24,17,21,19,24,25
Lyngby-Taarbæk,30-34,38,33,41,28,33,45,23,16,29,25,31,18,21,28,23,27,17,23,18,22,13,21,18,19
Lyngby-Taarbæk,35-39,24,42,35,33,34,39,41,41,29,39,28,30,27,26,34,40,37,24,27,21,16,12,21,14
Lyngby-Taarbæk,40-44,14,15,15,14,19,13,16,12,8,8,9,17,13,8,14,16,16,14,17,12,5,8,16,15
Lyngby-Taarbæk,45-49,<5,<5,-,-,<5,<5,<5,<5,<5,<5,<5,-,<5,<5,<5,<5,-,<5,<5,<5,<5,<5,<5,<5
Rødovre,Alle aldre,126,126,124,142,155,143,131,144,153,131,140,151,135,161,130,133,142,150,145,127,128,112,104,102
Rødovre,15-19,17,12,21,18,18,23,25,26,19,27,30,35,24,27,26,21,18,13,24,10,13,15,8,8
Rødovre,20-24,28,24,19,25,36,26,26,28,27,23,21,30,34,34,29,36,36,56,30,35,35,31,30,25
Rødovre,25-29,28,27,27,32,27,27,23,38,40,32,31,26,29,31,17,25,33,25,29,24,39,32,29,20
Rødovre,30-34,32,43,36,30,45,34,31,27,40,24,24,27,26,29,24,31,18,20,29,27,18,20,20,22
Rødovre,35-39,18,12,18,29,21,22,22,15,18,14,27,20,14,31,24,16,30,20,25,18,17,9,13,21
Rødovre,40-44,<5,8,<5,8,8,10,<5,9,9,7,7,13,8,8,10,<5,7,16,7,12,6,5,<5,5
Rødovre,45-49,<5,-,-,-,-,<5,<5,<5,-,<5,-,-,-,<5,-,<5,-,-,<5,<5,-,-,-,<5
Ishøj,Alle aldre,95,118,102,94,74,90,96,88,102,109,97,100,107,101,104,93,87,106,88,89,67,69,59,55
Ishøj,15-19,13,27,16,10,17,19,18,12,25,17,21,14,18,18,21,19,8,15,16,11,6,<5,10,<5
Ishøj,20-24,23,38,29,26,14,12,23,25,30,31,32,29,28,31,23,20,30,31,20,20,17,22,8,18
Ishøj,25-29,21,17,19,20,14,18,22,12,15,20,18,22,25,23,20,24,19,23,14,17,11,16,18,12
Ishøj,30-34,20,19,21,22,15,21,18,20,14,18,14,22,15,9,14,12,13,21,23,18,19,15,16,6
Ishøj,35-39,13,13,11,9,13,14,11,16,13,17,10,6,10,13,19,16,13,13,6,13,9,9,5,12
Ishøj,40-44,5,<5,6,5,<5,5,<5,<5,<5,6,<5,6,11,6,7,<5,<5,<5,9,10,5,<5,<5,<5
Ishøj,45-49,-,<5,-,<5,-,<5,-,-,<5,-,<5,<5,-,<5,-,-,-,-,-,-,-,-,<5,-
Tårnby,Alle aldre,136,166,138,139,118,123,125,150,145,136,122,142,137,160,142,132,140,155,142,130,127,140,117,139
Tårnby,15-19,24,18,25,16,19,15,20,26,22,28,17,29,23,31,20,26,15,29,20,20,16,16,<5,17
Tårnby,20-24,23,33,16,32,23,24,30,24,27,24,20,34,20,37,33,33,35,39,25,34,28,30,33,39
Tårnby,25-29,34,36,29,24,15,28,22,32,32,24,20,33,29,35,27,27,28,34,22,25,32,34,32,29
Tårnby,30-34,28,41,37,33,32,23,25,33,31,27,28,23,23,20,29,20,24,24,37,22,23,32,20,24
Tårnby,35-39,21,28,19,28,25,18,26,27,28,19,27,15,26,23,25,18,23,19,29,16,18,23,20,20
Tårnby,40-44,5,10,10,6,<5,14,<5,8,<5,14,10,6,15,11,8,8,13,10,8,12,10,5,8,9
Tårnby,45-49,<5,-,<5,-,<5,<5,-,-,<5,-,-,<5,<5,<5,-,-,<5,-,<5,<5,-,-,-,<5
Vallensbæk,Alle aldre,32,38,37,34,37,25,20,25,27,32,25,27,26,26,51,52,35,51,42,33,36,45,35,35
Vallensbæk,15-19,6,6,6,5,<5,<5,<5,<5,<5,<5,<5,<5,<5,8,6,6,<5,7,<5,<5,5,<5,<5,<5
Vallensbæk,20-24,8,10,13,7,5,<5,<5,<5,5,8,<5,6,7,<5,9,15,<5,10,9,<5,5,6,9,6
Vallensbæk,25-29,7,8,6,7,7,5,<5,<5,<5,5,<5,<5,<5,<5,7,12,9,11,13,7,8,8,<5,6
Vallensbæk,30-34,5,9,6,9,9,6,<5,8,6,7,<5,<5,5,<5,15,7,14,6,7,7,8,14,6,12
Vallensbæk,35-39,<5,<5,<5,<5,10,5,5,6,9,6,8,7,5,5,12,10,6,14,10,10,6,11,8,5
Vallensbæk,40-44,<5,<5,<5,<5,<5,<5,-,<5,<5,<5,<5,<5,<5,<5,<5,<5,<5,<5,<5,<5,<5,5,<5,<5
Vallensbæk,45-49,-,-,-,-,-,-,<5,<5,-,-,-,<5,<5,-,-,-,-,<5,-,-,-,-,<5,<5
Furesø,Alle aldre,128,123,127,108,113,103,114,108,108,103,100,100,98,105,114,112,96,103,81,70,71,77,84,94
Furesø,15-19,11,13,18,17,8,9,19,13,7,10,9,16,21,25,19,16,18,15,17,11,14,9,10,18
Furesø,20-24,28,28,20,13,17,21,13,19,21,20,17,10,15,15,18,22,21,23,16,17,6,19,20,13
Furesø,25-29,25,22,19,19,12,15,18,18,16,18,13,17,14,20,24,16,10,12,15,7,14,22,12,24
Furesø,30-34,29,23,34,27,27,21,20,32,26,24,20,24,16,9,24,15,13,17,9,13,15,6,18,19
Furesø,35-39,25,29,23,24,28,27,30,19,23,19,29,16,20,26,17,27,21,17,10,14,12,12,15,11
Furesø,40-44,9,7,10,7,20,8,13,6,13,11,10,15,12,10,10,15,12,16,12,8,10,8,8,7
Furesø,45-49,<5,<5,<5,<5,<5,<5,<5,<5,<5,<5,<5,<5,-,-,<5,<5,<5,<5,<5,-,-,<5,<5,<5
Allerød,Alle aldre,69,66,65,66,52,56,53,53,46,49,58,41,52,43,46,45,55,54,53,34,36,29,28,47
Allerød,15-19,12,11,11,9,<5,10,6,5,5,14,7,5,10,10,10,12,11,10,6,<5,7,<5,5,7
Allerød,20-24,6,13,10,9,7,9,8,<5,<5,<5,8,5,7,8,<5,<5,8,13,15,<5,8,9,<5,<5
Allerød,25-29,10,7,12,10,6,<5,9,<5,6,8,<5,<5,<5,<5,5,7,8,<5,5,5,<5,<5,<5,9
Allerød,30-34,24,14,13,16,14,16,11,11,10,9,20,7,10,11,9,9,14,7,5,<5,7,7,6,10
Allerød,35-39,15,13,11,15,16,14,13,23,15,6,13,15,19,5,13,8,7,16,13,6,6,<5,8,8
Allerød,40-44,<5,8,7,7,6,5,5,6,6,9,<5,6,<5,5,6,6,7,<5,8,11,<5,<5,<5,9
Allerød,45-49,<5,-,<5,-,-,-,<5,-,-,-,<5,-,<5,<5,<5,-,-,-,<5,<5,<5,<5,-,-
Fredensborg,Alle aldre,167,155,143,151,126,136,130,127,135,109,134,109,112,152,125,128,118,124,125,125,117,116,101,107
Fredensborg,15-19,23,20,14,22,27,30,21,17,18,18,24,26,20,39,18,23,18,23,20,21,13,14,8,11
Fredensborg,20-24,31,25,28,32,20,29,19,28,22,18,16,13,24,21,24,22,22,17,23,19,23,30,17,23
Fredensborg,25-29,40,37,31,23,21,15,26,24,21,17,18,14,26,15,13,20,17,27,25,26,28,21,28,30
Fredensborg,30-34,34,40,31,31,27,27,29,29,26,21,28,25,18,28,33,22,24,27,23,33,17,25,13,18
Fredensborg,35-39,28,27,27,26,17,27,20,23,37,28,39,21,15,28,17,26,22,19,21,15,24,16,17,17
Fredensborg,40-44,11,<5,12,16,13,8,15,6,9,5,8,8,8,20,18,13,15,9,13,10,11,9,16,7
Fredensborg,45-49,-,<5,-,<5,<5,-,-,-,<5,<5,<5,<5,<5,<5,<5,<5,-,<5,-,<5,<5,<5,<5,<5
Helsingør,Alle aldre,260,262,291,251,258,245,242,228,218,226,223,202,198,260,255,260,257,257,237,245,218,211,180,192
Helsingør,15-19,35,34,37,34,26,46,43,26,31,34,33,34,33,56,40,35,41,43,47,53,35,32,21,19
Helsingør,20-24,55,54,60,51,59,43,46,41,37,48,31,45,38,46,77,65,59,67,67,58,58,49,45,51
Helsingør,25-29,66,66,56,59,47,50,56,42,40,37,48,19,33,52,41,42,33,38,41,45,49,50,41,47
Helsingør,30-34,60,50,74,59,69,59,52,56,42,38,43,49,41,47,39,44,53,43,31,44,30,37,37,28
Helsingør,35-39,32,45,40,33,39,33,30,41,47,50,48,34,37,40,33,51,43,50,29,32,30,24,22,29
Helsingør,40-44,8,11,22,14,17,13,13,20,20,17,19,19,15,19,23,23,25,15,20,12,16,18,14,17
Helsingør,45-49,<5,<5,<5,<5,<5,<5,<5,<5,<5,<5,<5,<5,<5,-,<5,-,<5,<5,<5,<5,-,<5,-,<5
Hillerød,Alle aldre,133,128,145,136,141,131,146,125,151,134,136,127,120,166,149,132,135,129,158,126,103,93,117,135
Hillerød,15-19,15,22,26,18,18,21,27,22,19,24,27,23,29,33,30,36,23,18,31,23,13,13,9,13
Hillerød,20-24,33,25,33,30,30,18,29,20,27,23,20,29,19,28,31,30,37,35,31,43,31,27,29,30
Hillerød,25-29,34,21,19,21,31,23,24,18,32,22,26,18,19,28,29,21,17,19,21,18,20,21,24,23
Hillerød,30-34,28,35,32,36,34,26,28,24,31,25,26,26,17,36,21,15,25,27,31,19,18,16,21,24
Hillerød,35-39,18,16,25,25,23,28,26,28,33,21,24,20,22,27,26,19,21,19,29,13,15,10,23,29
Hillerød,40-44,5,8,9,5,<5,15,12,13,8,18,12,9,14,13,11,8,10,8,13,8,6,6,8,14
Hillerød,45-49,-,<5,<5,<5,<5,-,-,-,<5,<5,<5,<5,-,<5,<5,<5,<5,<5,<5,<5,-,-,<5,<5
Hørsholm,Alle aldre,67,77,72,56,61,77,70,64,44,70,66,61,64,56,57,49,70,73,58,61,51,42,53,42
Hørsholm,15-19,7,7,12,6,8,16,14,6,<5,10,7,12,7,6,7,<5,9,9,9,12,8,7,7,10
Hørsholm,20-24,11,9,11,8,5,12,9,7,8,7,8,9,14,15,13,10,17,14,13,13,10,13,11,5
Hørsholm,25-29,9,10,7,9,8,9,11,11,8,5,11,<5,<5,<5,<5,<5,8,10,9,8,12,8,6,<5
Hørsholm,30-34,15,27,19,12,24,12,11,12,7,12,13,9,10,7,<5,7,10,9,<5,7,8,<5,13,12
Hørsholm,35-39,17,16,19,14,12,20,18,17,16,22,14,17,18,13,17,15,15,15,10,13,7,5,9,6
Hørsholm,40-44,6,5,<5,7,<5,8,7,9,<5,13,11,11,11,11,13,9,9,12,11,6,6,6,5,<5
Hørsholm,45-49,<5,<5,-,-,-,-,-,<5,-,<5,<5,<5,-,<5,-,-,<5,<5,<5,<5,-,-,<5,<5
Rudersdal,Alle aldre,176,175,149,156,138,170,169,136,149,143,146,144,116,121,140,149,135,118,125,114,105,98,86,112
Rudersdal,15-19,18,22,19,14,18,16,12,15,13,17,20,21,23,29,25,24,22,23,20,8,20,12,7,17
Rudersdal,20-24,31,21,23,18,17,25,15,24,24,18,15,26,12,11,25,32,28,19,20,26,21,28,17,16
Rudersdal,25-29,31,25,26,23,16,31,23,17,13,17,17,17,14,20,20,12,20,17,20,17,12,12,7,18
Rudersdal,30-34,33,51,42,29,33,32,49,31,32,26,30,18,21,15,21,19,15,18,15,17,13,17,17,21
Rudersdal,35-39,40,41,28,46,36,44,44,35,49,43,42,30,30,27,22,42,29,27,35,32,26,21,28,22
Rudersdal,40-44,21,13,11,25,15,18,24,14,17,22,19,32,14,18,23,19,20,14,13,11,11,8,8,16
Rudersdal,45-49,<5,<5,-,<5,<5,<5,<5,-,<5,-,<5,-,<5,<5,<5,<5,<5,-,<5,<5,<5,-,<5,<5
Egedal,Alle aldre,120,119,98,90,104,111,92,93,85,97,94,110,110,102,118,89,99,110,87,99,78,85,63,78
Egedal,15-19,17,16,17,10,14,10,8,6,17,23,18,25,19,25,22,17,24,22,17,16,6,11,7,11
Egedal,20-24,13,18,13,11,11,13,12,9,8,10,10,7,11,17,20,13,20,27,20,16,16,16,11,9
Egedal,25-29,26,25,18,17,13,17,15,10,13,12,15,14,11,17,16,12,8,18,9,13,10,23,16,20
Egedal,30-34,36,29,31,27,30,40,20,31,22,22,20,23,33,19,29,16,15,20,9,20,18,12,14,26
Egedal,35-39,20,21,14,15,27,24,28,29,18,20,21,31,24,16,14,19,25,16,21,26,22,19,11,8
Egedal,40-44,6,8,5,9,8,7,9,7,7,8,9,9,11,8,16,12,5,7,7,8,6,<5,<5,<5
Egedal,45-49,<5,<5,-,<5,<5,-,-,<5,-,<5,<5,<5,<5,-,<5,-,<5,-,<5,-,-,-,-,-
Frederikssund,Alle aldre,138,100,108,102,129,130,149,99,144,119,129,120,139,151,138,160,139,141,107,126,105,88,89,100
Frederikssund,15-19,19,11,15,15,19,18,21,19,17,30,24,27,25,32,36,32,31,31,12,18,15,14,12,11
Frederikssund,20-24,25,24,25,12,30,21,27,18,31,17,14,20,19,30,30,34,32,29,28,26,27,20,25,24
Frederikssund,25-29,33,16,18,20,22,22,25,16,24,11,20,15,27,25,16,22,18,23,17,19,18,15,14,21
Frederikssund,30-34,40,24,29,35,33,34,31,17,32,23,36,23,28,35,24,28,15,17,24,28,21,17,17,23
Frederikssund,35-39,13,19,13,19,13,29,36,20,29,24,20,24,31,24,22,31,26,24,20,22,16,13,10,17
Frederikssund,40-44,5,5,7,<5,11,6,7,9,8,14,14,10,7,5,9,12,16,17,6,11,7,8,7,<5
Frederikssund,45-49,<5,<5,<5,-,<5,-,<5,-,<5,-,<5,<5,<5,-,<5,<5,<5,-,-,<5,<5,<5,<5,-
Greve,Alle aldre,144,171,184,165,166,146,169,146,143,137,151,144,152,139,140,145,122,142,148,129,106,118,112,127
Greve,15-19,12,21,37,24,21,16,20,23,26,23,27,27,22,37,39,22,21,30,29,23,14,21,14,13
Greve,20-24,34,29,32,31,28,31,25,31,25,19,28,25,20,28,29,35,23,27,37,32,23,27,23,20
Greve,25-29,34,38,33,41,40,27,32,26,20,20,23,20,33,21,17,34,18,20,19,20,19,24,18,27
Greve,30-34,31,47,45,41,39,38,40,30,31,35,34,33,32,22,26,22,30,20,20,24,29,22,29,27
Greve,35-39,25,26,20,23,31,23,40,27,29,29,29,26,31,24,26,25,22,32,34,19,10,15,20,26
Greve,40-44,7,8,16,5,6,11,11,8,11,11,9,12,13,7,<5,6,8,11,8,11,11,9,7,13
Greve,45-49,<5,<5,<5,-,<5,-,<5,<5,<5,-,<5,<5,<5,-,-,<5,-,<5,<5,-,-,-,<5,<5
Køge,Alle aldre,150,200,170,190,147,149,157,168,151,164,155,175,176,200,185,178,212,199,195,187,193,174,168,175
Køge,15-19,17,17,22,26,19,14,17,19,25,19,27,32,30,31,37,29,31,41,31,26,38,25,11,24
Køge,20-24,35,35,31,38,24,25,31,22,23,33,22,29,34,43,35,42,51,54,58,45,52,36,41,48
Køge,25-29,40,51,45,40,37,34,32,30,24,31,26,22,31,31,34,23,36,33,39,34,38,31,45,38
Køge,30-34,34,46,41,46,42,50,37,47,37,33,34,41,36,49,29,41,46,28,28,36,37,38,34,36
Køge,35-39,18,39,20,30,19,18,34,41,33,36,29,30,33,30,39,33,30,21,25,31,19,32,29,17
Køge,40-44,6,9,9,8,6,7,6,9,8,12,16,19,12,15,8,10,14,21,11,13,9,10,8,11
Køge,45-49,-,<5,<5,<5,-,<5,-,-,<5,-,<5,<5,-,<5,<5,-,<5,<5,<5,<5,-,<5,-,<5
Halsnæs,Alle aldre,124,96,73,93,121,103,94,102,75,91,108,109,116,114,135,119,113,107,105,89,98,95,83,85
Halsnæs,15-19,20,19,9,17,15,14,16,14,11,14,27,27,32,30,29,21,16,21,22,18,15,14,22,7
Halsnæs,20-24,26,17,18,24,30,25,16,20,16,18,14,13,19,22,31,27,25,31,22,26,26,22,18,18
Halsnæs,25-29,34,19,19,17,24,18,20,22,21,20,20,28,16,19,21,21,20,16,21,21,22,29,14,24
Halsnæs,30-34,25,23,14,17,23,27,22,16,12,17,24,19,18,23,27,24,19,20,20,10,16,14,10,18
Halsnæs,35-39,12,9,9,14,24,17,15,22,9,18,15,13,22,13,20,17,26,11,16,7,15,9,11,10
Halsnæs,40-44,6,7,<5,<5,<5,<5,5,8,5,<5,8,9,8,6,5,8,6,8,<5,7,<5,6,8,7
Halsnæs,45-49,<5,<5,-,<5,<5,-,-,-,<5,-,-,-,<5,<5,<5,<5,<5,-,-,-,<5,<5,-,<5
Roskilde,Alle aldre,187,254,228,227,230,227,247,235,229,217,244,230,249,262,275,221,247,245,222,203,214,172,199,167
Roskilde,15-19,24,31,20,31,26,26,25,36,25,40,40,42,39,39,53,54,50,45,51,33,33,13,25,22
Roskilde,20-24,34,50,45,40,47,48,40,43,42,47,49,47,58,70,68,49,57,50,54,48,67,57,66,44
Roskilde,25-29,37,60,65,47,51,38,48,39,46,30,28,36,36,40,46,23,41,42,34,46,41,35,41,36
Roskilde,30-34,51,50,47,60,55,55,69,54,55,40,43,53,49,37,42,37,41,42,36,24,23,22,27,24
Roskilde,35-39,25,40,38,34,40,49,48,47,47,45,54,40,45,55,37,37,42,44,34,33,26,30,27,30
Roskilde,40-44,14,17,11,13,10,10,15,14,11,15,29,11,22,19,25,19,15,20,13,18,22,11,12,9
Roskilde,45-49,<5,6,<5,<5,<5,<5,<5,<5,<5,-,<5,<5,-,<5,<5,<5,<5,<5,-,<5,<5,<5,<5,<5
Solrød,Alle aldre,44,52,64,56,54,60,52,53,53,45,66,48,57,54,65,68,65,58,50,40,54,42,58,53
Solrød,15-19,5,<5,9,9,7,<5,6,9,10,6,8,11,13,12,16,13,10,11,9,6,9,<5,7,6
Solrød,20-24,9,7,15,7,<5,11,5,7,<5,9,<5,5,7,8,16,13,9,10,12,7,11,6,12,14
Solrød,25-29,9,8,11,12,11,10,8,5,7,5,12,9,9,10,9,6,7,7,9,<5,10,7,10,10
Solrød,30-34,10,22,13,17,15,18,12,11,9,15,18,9,10,7,8,16,15,10,9,12,14,11,13,10
Solrød,35-39,7,11,12,9,12,14,16,17,18,<5,18,9,13,15,14,10,14,12,8,9,5,9,9,10
Solrød,40-44,<5,-,<5,<5,5,<5,5,<5,7,6,5,5,5,<5,<5,10,9,7,<5,<5,5,<5,6,<5
Solrød,45-49,-,-,<5,-,-,<5,-,-,-,-,<5,-,-,-,-,-,<5,<5,<5,-,-,<5,<5,-
Gribskov,Alle aldre,114,154,134,141,130,126,135,130,104,95,99,112,108,116,121,117,122,112,132,108,90,89,77,103
Gribskov,15-19,18,30,18,25,22,17,24,18,17,11,19,23,26,31,25,23,23,24,26,23,18,20,7,17
Gribskov,20-24,21,26,20,23,19,22,14,23,20,12,19,18,16,22,22,23,27,27,37,19,14,20,16,24
Gribskov,25-29,29,33,36,26,26,20,28,27,14,15,13,18,18,13,17,18,19,20,16,23,21,13,22,21
Gribskov,30-34,21,35,33,35,31,32,34,29,24,21,19,19,24,17,21,25,15,10,16,12,15,12,12,14
Gribskov,35-39,19,23,18,22,25,25,29,26,20,23,18,23,18,19,23,15,23,22,21,21,17,12,10,16
Gribskov,40-44,<5,5,9,8,7,9,5,<5,9,12,10,9,6,13,12,13,12,6,16,9,<5,11,9,9
Gribskov,45-49,<5,<5,-,<5,-,<5,<5,<5,-,<5,<5,<5,-,<5,<5,-,<5,<5,-,<5,<5,<5,<5,<5
Odsherred,Alle aldre,81,82,86,98,76,85,83,71,85,77,76,79,85,93,78,82,93,98,84,60,80,80,85,67
Odsherred,15-19,7,13,12,17,14,11,7,11,16,22,16,18,20,24,15,24,27,26,21,12,15,12,10,6
Odsherred,20-24,18,11,18,20,13,19,15,12,18,9,15,15,15,14,19,14,19,21,23,14,30,23,25,18
Odsherred,25-29,23,17,21,18,13,18,21,14,19,11,9,16,11,16,8,13,19,21,12,13,11,16,15,19
Odsherred,30-34,18,20,18,19,17,18,19,11,15,16,22,16,21,18,19,9,13,8,7,11,10,15,17,14
Odsherred,35-39,12,14,11,15,14,12,18,17,16,16,12,9,10,15,12,13,12,15,14,6,11,9,11,8
Odsherred,40-44,<5,7,<5,8,5,5,<5,5,<5,<5,<5,5,8,6,5,7,<5,7,6,<5,<5,5,6,<5
Odsherred,45-49,<5,-,<5,<5,-,<5,-,<5,-,-,<5,-,-,-,-,<5,-,-,<5,-,-,-,<5,-
Holbæk,Alle aldre,207,216,197,196,181,225,172,154,183,203,199,237,234,220,218,211,225,233,213,200,212,199,207,173
Holbæk,15-19,29,37,35,26,25,37,29,24,24,41,30,46,42,41,39,44,48,50,46,36,35,31,27,14
Holbæk,20-24,48,52,42,47,32,43,37,30,38,36,38,45,61,45,57,47,53,51,53,64,55,56,65,57
Holbæk,25-29,47,49,43,44,39,43,33,34,38,42,27,40,38,44,34,36,40,49,48,38,43,48,37,37
Holbæk,30-34,49,44,38,39,45,50,37,31,39,36,43,54,45,44,44,32,34,32,25,29,38,34,37,35
Holbæk,35-39,23,24,28,31,33,33,28,25,34,35,42,37,33,33,35,36,37,35,29,23,31,17,32,26
Holbæk,40-44,9,9,10,8,6,19,7,9,10,13,19,14,15,12,9,15,13,16,12,10,10,12,9,<5
Holbæk,45-49,<5,<5,<5,<5,<5,-,<5,<5,-,-,-,<5,-,<5,-,<5,-,-,-,-,-,<5,-,-
Faxe,Alle aldre,102,100,84,84,90,88,81,88,99,89,108,101,105,96,125,118,107,99,116,95,104,72,104,79
Faxe,15-19,22,16,16,11,13,12,9,13,15,19,21,23,17,25,27,21,20,22,20,16,13,6,11,6
Faxe,20-24,19,22,19,13,10,18,17,11,16,20,16,12,25,18,32,22,30,24,29,30,32,20,22,23
Faxe,25-29,19,17,19,23,20,21,18,19,19,15,19,23,10,14,16,28,18,16,21,20,14,20,33,28
Faxe,30-34,24,22,13,24,25,20,16,22,17,12,22,17,25,23,22,25,21,13,21,14,15,15,19,8
Faxe,35-39,12,15,11,10,15,14,15,15,22,17,19,22,19,13,19,17,13,14,20,11,19,7,14,8
Faxe,40-44,6,6,5,<5,7,<5,6,7,9,6,10,<5,9,<5,9,5,5,10,<5,<5,8,<5,5,6
Faxe,45-49,-,<5,<5,-,-,-,-,<5,<5,-,<5,<5,-,-,-,-,-,-,<5,-,<5,<5,-,-
Kalundborg,Alle aldre,133,142,126,139,117,129,141,111,131,134,147,133,124,159,155,144,150,148,138,146,139,140,122,106
Kalundborg,15-19,24,22,19,17,16,21,22,22,28,23,23,27,24,34,39,35,30,29,25,26,22,27,17,8
Kalundborg,20-24,23,31,29,22,26,21,27,23,20,25,35,23,19,36,27,35,37,37,31,37,40,29,31,28
Kalundborg,25-29,28,38,33,32,21,27,35,21,31,23,22,28,16,25,22,21,22,24,23,27,33,36,32,27
Kalundborg,30-34,25,32,31,35,28,28,24,25,22,28,34,25,36,27,26,30,24,29,23,25,24,20,20,24
Kalundborg,35-39,21,13,11,20,19,28,24,14,17,25,24,23,18,28,33,18,26,20,25,20,14,17,17,15
Kalundborg,40-44,11,6,<5,12,7,<5,9,5,11,10,9,7,10,9,7,5,11,9,11,10,6,11,<5,<5
Kalundborg,45-49,<5,-,-,<5,-,<5,-,<5,<5,-,-,-,<5,-,<5,-,-,-,-,<5,-,-,<5,-
Ringsted,Alle aldre,81,99,90,91,93,88,91,62,72,81,86,96,84,111,111,124,125,115,103,91,109,94,98,100
Ringsted,15-19,18,10,15,11,11,12,10,8,6,14,11,26,13,15,18,13,10,13,16,13,16,15,9,11
Ringsted,20-24,12,22,22,17,23,22,16,10,15,13,14,16,16,24,17,43,31,29,31,22,22,23,31,26
Ringsted,25-29,22,22,18,23,17,21,16,11,17,14,15,19,17,21,26,23,28,24,21,25,30,19,15,24
Ringsted,30-34,18,22,21,24,22,16,29,12,16,21,22,13,13,26,20,25,22,18,13,17,19,19,19,16
Ringsted,35-39,9,14,11,9,16,13,15,19,16,16,16,12,16,15,21,13,22,22,14,10,14,11,17,11
Ringsted,40-44,<5,9,<5,5,<5,<5,<5,<5,<5,<5,8,10,8,9,7,7,12,8,6,<5,7,5,7,11
Ringsted,45-49,<5,-,<5,<5,-,-,<5,-,<5,-,-,-,<5,<5,<5,-,-,<5,<5,<5,<5,<5,-,<5
Slagelse,Alle aldre,229,255,208,242,200,242,217,232,249,225,223,256,266,242,268,266,257,256,258,268,251,232,247,202
Slagelse,15-19,34,34,27,38,22,28,31,26,34,43,43,37,62,50,49,40,39,49,49,38,28,32,26,15
Slagelse,20-24,47,59,51,69,42,57,51,66,53,45,44,72,63,61,61,71,71,75,81,97,99,65,58,50
Slagelse,25-29,59,72,45,40,52,68,48,53,62,46,48,53,43,43,47,49,47,56,45,56,52,56,75,65
Slagelse,30-34,47,45,49,50,37,47,40,44,46,42,48,45,54,48,52,49,55,34,38,30,41,38,41,42
Slagelse,35-39,30,34,28,35,35,30,34,36,39,32,32,41,26,29,39,44,36,34,29,29,19,26,31,23
Slagelse,40-44,11,9,8,9,11,12,12,7,15,16,8,8,17,11,19,11,9,7,15,14,11,12,15,7
Slagelse,45-49,<5,<5,-,<5,<5,-,<5,-,-,<5,-,-,<5,-,<5,<5,-,<5,<5,<5,<5,<5,<5,-
Stevns,Alle aldre,46,51,47,61,58,54,56,56,45,54,48,50,56,45,68,53,48,64,58,59,58,54,51,53
Stevns,15-19,6,6,14,10,9,6,6,<5,6,6,8,10,15,8,11,9,6,14,12,13,14,6,5,11
Stevns,20-24,9,11,10,7,8,9,10,11,8,6,10,<5,<5,10,12,16,15,15,15,16,16,20,12,9
Stevns,25-29,10,9,6,9,14,10,10,9,9,10,8,13,8,8,16,5,9,13,9,8,13,10,14,11
Stevns,30-34,11,15,8,20,16,8,13,19,9,16,8,12,13,11,7,8,8,12,9,11,<5,10,10,13
Stevns,35-39,6,8,6,10,9,13,11,8,10,14,9,9,10,5,16,10,5,6,7,5,5,<5,7,6
Stevns,40-44,<5,<5,<5,5,<5,6,6,<5,<5,<5,5,<5,6,<5,6,<5,<5,<5,<5,<5,5,<5,<5,<5
Stevns,45-49,<5,<5,-,-,-,<5,-,<5,-,-,-,-,-,-,-,<5,<5,-,<5,<5,<5,<5,-,<5
Sorø,Alle aldre,69,66,57,74,61,63,67,80,63,81,75,78,77,81,75,81,70,80,86,95,99,78,85,54
Sorø,15-19,<5,15,12,12,7,7,10,9,14,14,7,11,10,16,16,10,12,18,21,22,16,13,13,<5
Sorø,20-24,15,11,11,21,18,8,11,14,8,14,15,5,12,14,16,23,14,18,16,16,17,17,24,13
Sorø,25-29,16,8,9,7,8,10,17,12,13,13,12,16,15,13,6,14,18,15,13,23,20,14,16,15
Sorø,30-34,19,17,16,21,16,20,20,19,14,21,17,20,16,18,20,13,13,13,12,9,20,12,13,11
Sorø,35-39,13,11,9,10,8,13,7,16,10,14,19,19,17,11,11,11,6,8,15,21,19,18,16,10
Sorø,40-44,<5,<5,-,<5,<5,5,<5,10,<5,<5,5,7,6,9,5,9,7,6,9,<5,6,<5,<5,<5
Sorø,45-49,-,-,-,-,-,-,-,-,-,<5,-,-,<5,-,<5,<5,-,<5,-,-,<5,-,<5,-
Lejre,Alle aldre,50,59,63,43,60,60,60,60,51,61,60,55,65,71,68,64,56,52,48,51,60,50,64,50
Lejre,15-19,8,8,14,7,7,10,6,13,9,8,9,8,12,13,9,12,12,<5,6,10,6,10,7,13
Lejre,20-24,9,14,8,9,5,9,8,5,6,9,8,7,5,12,11,7,9,15,9,10,12,9,8,11
Lejre,25-29,10,8,11,6,10,7,8,5,7,<5,13,10,11,7,12,11,10,<5,7,<5,15,5,10,<5
Lejre,30-34,18,13,16,7,18,19,27,11,8,19,10,10,17,15,11,15,11,11,10,6,8,8,18,13
Lejre,35-39,<5,9,12,9,19,10,7,21,17,13,11,14,14,15,18,11,8,10,15,13,12,16,17,8
Lejre,40-44,<5,7,<5,5,<5,<5,<5,<5,<5,8,7,6,5,9,6,7,6,8,<5,8,6,<5,<5,<5
Lejre,45-49,-,-,-,-,-,<5,-,<5,-,-,<5,-,<5,-,<5,<5,-,-,-,-,<5,-,<5,-
Lolland,Alle aldre,142,141,153,175,137,136,138,131,146,116,126,140,155,174,149,136,144,163,153,95,130,101,89,78
Lolland,15-19,21,32,26,30,16,18,17,12,21,18,22,28,30,40,28,27,26,43,29,17,26,20,12,11
Lolland,20-24,29,33,25,29,35,28,28,24,31,14,20,26,35,40,36,36,41,47,38,27,33,23,25,21
Lolland,25-29,31,27,39,44,31,25,26,29,28,36,30,28,34,34,27,26,23,29,34,25,28,22,19,16
Lolland,30-34,26,25,37,39,29,35,33,29,30,25,29,30,31,32,39,32,24,16,29,15,23,16,17,12
Lolland,35-39,27,13,15,25,15,21,25,27,29,17,17,21,13,20,10,12,20,20,14,8,16,12,12,16
Lolland,40-44,8,10,11,8,11,8,9,10,7,<5,7,6,11,6,9,<5,10,7,8,<5,<5,8,<5,<5
Lolland,45-49,-,<5,-,-,-,<5,-,-,-,<5,<5,<5,<5,<5,-,-,-,<5,<5,<5,-,-,-,-
Næstved,Alle aldre,232,217,233,201,188,235,213,200,206,210,204,264,244,272,251,259,239,261,260,248,253,245,265,172
Næstved,15-19,35,29,23,29,21,29,27,33,35,38,40,64,42,45,41,41,41,58,35,28,35,40,38,20
Næstved,20-24,49,49,61,56,45,41,50,36,38,52,37,43,45,67,64,76,63,59,66,57,74,61,67,43
Næstved,25-29,51,48,43,41,30,47,49,41,48,34,36,47,37,47,43,39,45,54,45,51,57,62,60,49
Næstved,30-34,47,51,60,33,38,53,47,43,38,34,49,51,52,59,48,53,44,41,57,50,38,35,42,31
Næstved,35-39,26,32,39,28,35,54,31,31,36,35,28,42,48,37,38,40,32,33,42,40,33,33,33,23
Næstved,40-44,22,7,5,13,18,10,9,15,11,15,13,14,19,14,16,10,9,16,13,21,15,13,23,6
Næstved,45-49,<5,<5,<5,<5,<5,<5,-,<5,-,<5,<5,<5,<5,<5,<5,-,5,-,<5,<5,<5,<5,<5,-
Guldborgsund,Alle aldre,170,176,175,143,167,158,143,170,153,164,162,185,168,166,178,196,190,169,156,168,176,146,130,136
Guldborgsund,15-19,33,32,26,21,23,20,24,23,25,42,30,43,34,35,51,39,43,36,33,26,34,32,19,15
Guldborgsund,20-24,30,29,48,27,41,30,21,26,31,29,23,38,33,39,35,39,56,54,46,44,45,39,45,29
Guldborgsund,25-29,36,38,32,19,33,37,28,33,30,29,31,33,28,21,27,29,24,28,29,46,38,32,29,37
Guldborgsund,30-34,45,34,31,41,33,30,36,42,31,34,38,31,45,33,32,32,25,23,27,23,34,27,16,27
Guldborgsund,35-39,20,33,29,20,29,34,24,34,23,21,31,32,20,27,21,42,31,18,11,23,16,10,17,19
Guldborgsund,40-44,5,9,7,14,8,6,9,11,12,7,8,8,8,10,12,14,11,9,8,6,7,6,<5,9
Guldborgsund,45-49,<5,<5,<5,<5,-,<5,<5,<5,<5,<5,<5,-,-,<5,-,<5,-,<5,<5,-,<5,-,-,-
Vordingborg,Alle aldre,97,123,119,93,112,125,117,115,120,124,95,124,134,145,177,160,142,147,132,131,103,106,96,83
Vordingborg,15-19,17,15,24,21,19,14,22,19,19,20,15,24,27,39,39,36,27,30,19,25,20,17,15,9
Vordingborg,20-24,21,29,21,15,17,28,19,21,20,23,16,19,27,27,49,29,42,34,39,32,24,21,26,27
Vordingborg,25-29,16,21,19,14,22,22,26,23,21,22,17,24,18,16,29,31,23,26,17,25,19,20,26,25
Vordingborg,30-34,23,21,29,18,30,25,19,26,28,26,19,24,26,22,29,37,20,12,31,25,20,23,12,9
Vordingborg,35-39,14,26,19,17,15,20,25,15,23,22,20,24,23,29,25,18,22,37,19,20,10,15,13,5
Vordingborg,40-44,6,8,5,8,7,15,5,11,8,10,7,7,12,12,6,9,8,7,6,<5,9,9,<5,8
Vordingborg,45-49,-,<5,<5,-,<5,<5,<5,-,<5,<5,<5,<5,<5,-,-,-,-,<5,<5,-,<5,<5,-,-
Bornholm,Alle aldre,122,114,108,91,85,66,85,88,100,90,83,84,93,77,94,85,87,93,94,65,71,69,44,26
Bornholm,15-19,20,21,25,14,7,7,14,16,20,25,20,16,23,11,24,19,25,22,22,22,11,15,5,<5
Bornholm,20-24,26,19,23,20,21,14,13,15,14,18,21,18,13,11,22,10,18,17,23,18,24,11,14,11
Bornholm,25-29,21,16,15,17,17,16,21,16,19,8,14,14,13,16,9,13,12,17,15,12,17,17,7,<5
Bornholm,30-34,30,25,22,17,14,14,19,21,19,12,8,20,21,20,11,16,18,16,13,<5,11,9,7,<5
Bornholm,35-39,19,22,18,15,21,9,13,13,17,14,15,13,17,12,21,15,9,13,9,6,7,8,6,<5
Bornholm,40-44,5,10,5,7,5,5,<5,7,10,11,<5,<5,6,7,7,9,<5,8,9,<5,<5,9,5,<5
Bornholm,45-49,<5,<5,-,<5,-,<5,<5,-,<5,<5,<5,-,-,-,-,<5,<5,-,<5,<5,-,-,-,-
Middelfart,Alle aldre,99,83,59,84,69,76,72,76,74,60,78,66,80,65,69,84,72,76,97,81,87,98,81,64
Middelfart,15-19,16,14,10,12,11,8,8,15,11,15,18,17,18,13,17,14,16,11,12,19,12,12,11,11
Middelfart,20-24,17,17,14,17,8,10,13,11,8,10,10,8,21,20,12,18,14,11,24,15,19,29,23,11
Middelfart,25-29,20,15,16,16,22,15,12,14,17,10,10,9,6,8,10,16,12,20,15,10,15,22,14,14
Middelfart,30-34,23,16,9,21,14,22,14,15,14,8,20,13,19,14,15,14,15,14,18,16,20,15,14,14
Middelfart,35-39,15,14,6,12,5,14,20,20,15,14,17,10,11,6,12,16,11,15,15,19,12,15,13,12
Middelfart,40-44,8,7,<5,6,9,<5,5,<5,9,<5,<5,8,5,<5,<5,6,<5,5,13,<5,7,5,5,<5
Middelfart,45-49,-,-,-,-,-,<5,-,-,-,<5,-,<5,-,-,<5,-,-,-,-,<5,<5,-,<5,-
Assens,Alle aldre,89,90,78,73,89,65,60,68,67,73,54,85,76,81,84,80,65,81,77,75,85,88,75,76
Assens,15-19,15,14,15,6,15,16,13,10,15,12,<5,22,21,22,20,22,18,13,16,12,13,17,8,11
Assens,20-24,18,13,9,15,13,8,12,13,10,18,10,9,13,12,13,17,11,14,17,18,23,20,20,20
Assens,25-29,15,18,17,13,14,10,11,12,9,11,12,14,9,12,14,6,10,10,13,10,24,14,21,13
Assens,30-34,14,26,14,15,24,10,9,17,14,12,14,18,14,12,18,11,13,18,15,16,10,12,8,16
Assens,35-39,21,10,16,15,18,15,10,12,15,13,9,14,14,16,13,15,8,18,9,13,11,17,14,8
Assens,40-44,6,8,7,8,<5,5,5,<5,<5,6,5,6,<5,7,6,8,5,7,7,6,<5,7,<5,8
Assens,45-49,-,<5,-,<5,<5,<5,-,-,<5,<5,<5,<5,<5,-,-,<5,-,<5,-,-,-,<5,<5,-
Faaborg-Midtfyn,Alle aldre,157,124,96,83,103,61,39,83,90,115,88,91,99,118,112,126,90,103,99,117,106,98,107,74
Faaborg-Midtfyn,15-19,23,16,16,9,16,8,<5,13,10,14,16,18,23,20,21,27,22,23,9,17,14,9,11,10
Faaborg-Midtfyn,20-24,34,31,14,14,14,9,<5,15,18,15,14,16,8,18,22,24,16,15,31,35,18,21,25,16
Faaborg-Midtfyn,25-29,27,17,22,15,18,13,12,16,13,17,15,17,17,22,21,19,16,18,21,27,28,34,38,15
Faaborg-Midtfyn,30-34,43,25,21,25,29,19,8,20,20,35,17,14,21,23,23,21,20,19,16,20,18,10,16,20
Faaborg-Midtfyn,35-39,22,25,20,12,15,9,13,13,17,29,14,14,19,23,17,28,11,20,17,9,15,17,7,6
Faaborg-Midtfyn,40-44,6,9,<5,8,11,<5,-,6,11,5,11,12,9,10,6,7,5,7,<5,8,12,5,9,7
Faaborg-Midtfyn,45-49,<5,<5,-,-,-,-,-,-,<5,-,<5,-,<5,<5,<5,-,-,<5,<5,<5,<5,<5,<5,-
Kerteminde,Alle aldre,55,57,50,41,36,39,38,38,47,51,39,38,58,44,57,53,48,61,53,42,41,47,44,36
Kerteminde,15-19,8,9,6,5,<5,7,5,5,8,12,<5,6,10,10,11,8,6,11,9,<5,6,9,<5,9
Kerteminde,20-24,6,6,7,5,6,6,<5,5,6,6,5,<5,9,5,13,7,12,10,10,10,10,11,9,5
Kerteminde,25-29,12,10,15,9,8,8,7,8,7,9,<5,7,9,9,7,10,7,10,7,7,7,10,12,10
Kerteminde,30-34,13,16,13,9,10,7,15,9,18,12,11,8,15,6,8,11,11,9,13,10,11,10,5,5
Kerteminde,35-39,12,14,6,10,8,7,8,9,6,9,6,8,10,11,11,11,6,12,7,6,5,<5,8,<5
Kerteminde,40-44,<5,<5,<5,<5,<5,<5,-,<5,<5,<5,8,6,5,<5,7,6,5,8,6,5,<5,<5,6,<5
Kerteminde,45-49,<5,-,-,<5,-,-,-,-,-,-,<5,-,-,<5,-,-,<5,<5,<5,-,<5,<5,-,<5
Nyborg,Alle aldre,68,70,39,43,76,62,43,62,57,76,68,57,57,72,65,77,66,76,71,77,77,54,57,64
Nyborg,15-19,14,12,7,8,14,7,9,9,8,12,13,12,11,8,9,14,9,11,15,11,10,6,8,<5
Nyborg,20-24,14,13,5,10,14,11,12,15,9,12,14,12,14,18,13,17,12,12,12,18,16,13,13,16
Nyborg,25-29,18,7,8,5,5,9,10,12,12,10,10,<5,10,19,15,13,16,20,16,11,13,14,13,11
Nyborg,30-34,15,23,<5,10,22,16,7,14,11,17,15,14,12,11,12,16,10,14,11,9,21,8,14,18
Nyborg,35-39,6,11,9,8,15,17,5,10,13,20,12,12,7,10,11,7,15,16,13,18,12,6,5,12
Nyborg,40-44,<5,<5,5,<5,5,<5,-,<5,<5,5,<5,<5,<5,6,5,9,<5,<5,<5,8,5,6,<5,<5
Nyborg,45-49,-,<5,<5,-,<5,-,-,-,-,-,-,-,-,-,-,<5,-,-,<5,<5,-,<5,-,-
Odense,Alle aldre,616,626,549,540,539,512,554,547,551,514,541,578,566,623,587,587,667,652,610,623,599,559,552,435
Odense,15-19,68,77,62,74,68,74,93,71,82,81,73,107,92,103,102,76,92,67,69,69,76,52,65,32
Odense,20-24,179,166,136,126,138,126,134,134,126,142,140,139,148,175,165,169,198,232,192,181,178,155,136,129
Odense,25-29,158,157,141,140,114,129,136,132,112,102,119,112,101,113,110,116,132,118,123,169,148,135,141,131
Odense,30-34,101,122,106,109,97,94,106,109,121,83,99,108,111,117,97,99,116,108,85,80,77,98,99,69
Odense,35-39,74,65,73,61,87,66,62,75,82,69,72,74,74,82,76,89,93,90,99,84,76,81,74,54
Odense,40-44,31,36,28,28,33,22,16,24,28,36,34,38,37,32,32,34,34,34,41,39,40,37,31,20
Odense,45-49,5,<5,<5,<5,<5,<5,7,<5,-,<5,<5,-,<5,<5,5,<5,<5,<5,<5,<5,<5,<5,6,-
Svendborg,Alle aldre,172,209,107,105,144,103,61,120,145,170,135,138,140,146,145,165,173,150,111,133,172,156,163,132
Svendborg,15-19,32,23,20,16,21,18,13,14,21,23,35,25,27,35,23,31,37,34,18,17,29,19,22,13
Svendborg,20-24,35,46,21,21,24,13,11,16,27,33,28,22,33,26,41,50,43,40,28,33,54,46,46,26
Svendborg,25-29,49,33,26,20,36,24,10,25,23,26,16,27,15,25,18,14,37,28,24,24,42,39,37,39
Svendborg,30-34,31,59,15,23,31,17,11,28,30,42,20,31,27,21,30,24,21,21,16,26,19,26,31,23
Svendborg,35-39,19,33,16,16,24,22,14,29,32,27,28,23,26,27,20,31,20,19,14,20,15,15,19,21
Svendborg,40-44,6,11,7,9,6,9,<5,7,11,18,8,9,12,11,11,12,14,7,9,13,11,9,8,10
Svendborg,45-49,-,<5,<5,-,<5,-,-,<5,<5,<5,-,<5,-,<5,<5,<5,<5,<5,<5,-,<5,<5,-,-
Nordfyns,Alle aldre,59,69,71,54,52,61,60,49,39,51,53,44,60,68,63,76,67,60,61,67,74,58,57,60
Nordfyns,15-19,9,6,10,6,10,10,8,6,<5,11,11,7,13,13,9,16,14,10,14,13,16,12,6,10
Nordfyns,20-24,17,19,11,14,8,14,14,<5,11,8,5,5,11,9,13,24,10,15,11,17,21,10,10,12
Nordfyns,25-29,12,12,14,7,8,10,12,13,6,10,10,5,8,7,12,13,17,10,5,12,10,12,13,11
Nordfyns,30-34,10,14,22,12,15,13,16,12,6,10,12,13,10,17,13,15,12,8,16,13,10,11,18,14
Nordfyns,35-39,11,11,9,14,<5,6,9,11,10,8,12,11,13,15,14,7,8,14,13,11,12,8,5,9
Nordfyns,40-44,-,7,<5,<5,5,8,<5,<5,<5,<5,<5,<5,<5,6,<5,<5,6,<5,<5,<5,5,<5,<5,<5
Nordfyns,45-49,-,-,<5,-,<5,-,-,-,-,-,-,-,<5,<5,-,-,-,<5,-,-,-,<5,<5,<5
Langeland,Alle aldre,41,28,21,18,27,14,17,18,15,25,18,22,30,29,35,26,25,23,24,28,22,25,22,21
Langeland,15-19,9,6,<5,<5,5,<5,<5,<5,<5,7,<5,<5,9,6,6,<5,<5,9,<5,<5,5,<5,<5,<5
Langeland,20-24,6,6,<5,5,<5,<5,<5,<5,<5,<5,<5,6,<5,5,8,<5,<5,<5,7,9,<5,6,5,5
Langeland,25-29,6,<5,<5,<5,<5,<5,<5,5,<5,5,<5,<5,5,5,<5,8,7,6,<5,8,5,<5,<5,6
Langeland,30-34,7,8,6,<5,6,<5,<5,<5,<5,<5,6,5,6,5,7,6,<5,<5,<5,5,<5,5,6,6
Langeland,35-39,9,<5,<5,<5,6,<5,5,<5,5,5,<5,5,5,<5,5,<5,5,<5,5,<5,<5,5,<5,<5
Langeland,40-44,<5,<5,<5,<5,<5,<5,-,-,-,<5,-,<5,<5,<5,6,<5,<5,<5,<5,-,<5,<5,<5,<5
Langeland,45-49,-,<5,-,-,<5,-,-,-,-,-,-,-,-,<5,-,-,-,-,-,-,-,-,-,-
Ærø,Alle aldre,16,22,10,8,16,10,7,12,12,8,7,8,9,12,8,12,6,10,12,9,7,10,5,9
Ærø,15-19,-,<5,<5,<5,<5,<5,<5,<5,<5,<5,<5,-,<5,<5,<5,<5,-,<5,<5,<5,<5,<5,-,<5
Ærø,20-24,5,<5,<5,-,<5,-,<5,5,<5,<5,<5,<5,-,5,-,<5,<5,<5,<5,<5,<5,<5,<5,-
Ærø,25-29,6,<5,<5,<5,<5,<5,<5,-,<5,-,<5,<5,<5,<5,<5,<5,-,5,<5,-,<5,<5,<5,<5
Ærø,30-34,<5,5,<5,<5,<5,-,-,<5,<5,<5,<5,-,<5,<5,-,<5,-,<5,<5,<5,-,<5,<5,<5
Ærø,35-39,-,6,<5,<5,<5,<5,-,<5,<5,<5,<5,<5,<5,<5,-,<5,<5,-,<5,<5,<5,<5,<5,<5
Ærø,40-44,<5,-,-,<5,-,<5,<5,-,-,-,<5,<5,<5,-,<5,-,<5,-,<5,<5,<5,-,-,<5
Ærø,45-49,-,-,-,-,-,-,-,-,-,-,-,-,-,-,<5,-,-,-,-,-,-,-,-,-
Haderslev,Alle aldre,133,143,160,136,132,115,143,116,111,105,105,113,107,134,122,120,126,131,139,131,115,116,122,109
Haderslev,15-19,21,14,29,22,18,14,28,19,21,12,31,22,19,30,19,27,17,22,19,17,17,13,15,10
Haderslev,20-24,18,27,35,26,18,25,15,23,20,25,20,25,21,26,27,32,32,41,31,38,36,31,30,30
Haderslev,25-29,34,33,31,35,39,21,30,21,23,21,13,19,29,22,27,15,31,21,33,27,26,24,29,31
Haderslev,30-34,34,40,41,27,27,32,36,26,18,20,19,24,17,25,18,22,25,18,21,16,20,19,26,18
Haderslev,35-39,20,21,17,17,20,14,23,24,24,23,12,14,14,20,21,15,16,22,26,21,9,24,14,16
Haderslev,40-44,5,7,6,9,10,8,9,<5,5,<5,9,9,6,11,9,8,<5,6,8,9,7,5,8,<5
Haderslev,45-49,<5,<5,<5,-,-,<5,<5,<5,-,-,<5,-,<5,-,<5,<5,<5,<5,<5,<5,-,-,-,-
Billund,Alle aldre,64,60,56,57,51,48,56,47,57,46,64,60,48,60,50,51,45,43,53,45,57,54,59,43
Billund,15-19,9,9,10,13,7,9,7,9,12,8,<5,11,11,16,13,8,11,8,6,7,7,7,8,5
Billund,20-24,15,7,12,7,10,8,11,12,10,7,13,11,9,12,9,13,7,7,11,11,14,14,12,7
Billund,25-29,13,11,12,5,9,6,10,8,14,9,13,13,6,10,12,10,5,10,12,11,12,10,11,9
Billund,30-34,12,13,15,16,9,14,11,7,10,7,15,5,11,8,7,11,7,8,10,9,8,13,14,10
Billund,35-39,10,13,<5,14,11,5,12,7,8,11,12,12,7,13,8,7,11,8,11,<5,11,9,9,9
Billund,40-44,<5,7,<5,<5,<5,6,5,<5,<5,<5,5,8,<5,<5,<5,<5,<5,<5,<5,<5,5,<5,5,<5
Billund,45-49,<5,-,-,-,<5,-,-,-,-,<5,<5,-,-,-,-,-,-,<5,-,-,-,-,-,-
Sønderborg,Alle aldre,188,195,159,164,155,154,165,167,195,121,183,139,148,174,158,180,155,198,168,176,149,137,178,138
Sønderborg,15-19,20,29,23,20,17,20,21,17,23,16,35,30,27,35,27,38,35,33,36,32,24,17,25,20
Sønderborg,20-24,49,41,31,25,35,33,27,39,40,22,31,38,28,36,30,45,31,49,39,43,41,40,57,42
Sønderborg,25-29,44,41,38,48,35,21,28,34,41,17,39,23,24,33,30,31,30,35,30,38,28,25,42,32
Sønderborg,30-34,35,49,37,37,40,45,34,47,38,28,40,22,27,29,38,28,27,39,21,27,27,29,34,26
Sønderborg,35-39,25,25,23,27,18,26,42,24,43,29,27,18,31,31,26,23,21,34,27,21,19,18,13,11
Sønderborg,40-44,14,9,6,5,8,7,12,6,10,9,11,8,10,9,7,14,11,7,15,14,9,6,7,7
Sønderborg,45-49,<5,<5,<5,<5,<5,<5,<5,-,-,-,-,-,<5,<5,-,<5,-,<5,-,<5,<5,<5,-,-
Tønder,Alle aldre,81,77,79,92,78,87,77,67,93,80,79,62,65,70,72,74,64,77,68,77,71,62,65,77
Tønder,15-19,18,18,9,14,13,15,16,14,14,12,13,11,12,18,15,16,15,17,12,9,8,7,11,9
Tønder,20-24,11,18,15,14,14,20,22,14,16,15,11,10,20,13,11,13,12,20,18,26,27,18,18,27
Tønder,25-29,22,7,20,17,12,20,15,14,17,12,15,12,5,11,11,14,12,14,11,18,11,14,17,15
Tønder,30-34,14,18,19,20,18,13,10,13,19,20,16,14,14,13,13,20,8,14,13,12,14,9,9,13
Tønder,35-39,12,8,12,22,13,18,12,10,16,17,14,13,8,10,16,8,9,11,9,8,10,11,5,11
Tønder,40-44,<5,8,<5,<5,7,<5,<5,<5,11,<5,10,<5,6,5,5,<5,7,<5,5,<5,<5,<5,5,<5
Tønder,45-49,-,-,-,<5,<5,-,-,-,-,-,-,-,-,-,<5,<5,<5,-,-,-,-,-,-,-
Esbjerg,Ukendt alder,-,-,-,<5,-,-,-,-,-,-,-,-,-,-,-,-,-,-,-,-,-,-,-,-
Esbjerg,Alle aldre,369,303,323,309,293,305,266,283,298,300,266,312,279,300,301,310,324,305,307,351,335,262,308,288
Esbjerg,15-19,45,35,47,46,36,44,37,36,40,51,48,45,65,62,75,61,63,60,53,46,41,36,41,27
Esbjerg,20-24,80,58,67,80,53,63,63,57,60,58,64,64,59,76,60,81,85,82,88,111,97,74,72,81
Esbjerg,25-29,84,79,61,60,62,68,57,68,50,55,52,64,51,60,53,48,69,44,64,77,74,60,88,71
Esbjerg,30-34,87,75,74,67,64,58,50,55,74,70,54,67,51,53,53,53,47,61,44,61,64,53,49,55
Esbjerg,35-39,51,41,58,41,62,53,41,49,54,47,34,49,37,38,49,44,40,37,40,33,46,30,38,34
Esbjerg,40-44,22,12,16,12,13,18,17,17,20,17,13,21,16,9,8,21,20,20,17,21,12,9,18,19
Esbjerg,45-49,-,<5,-,<5,<5,<5,<5,<5,-,<5,<5,<5,-,<5,<5,<5,-,<5,<5,<5,<5,-,<5,<5
Varde,Alle aldre,91,110,72,82,99,94,81,84,87,98,96,82,85,75,93,91,111,83,87,108,97,81,110,113
Varde,15-19,15,19,8,17,13,17,12,11,13,10,15,18,22,13,18,11,16,16,15,13,15,18,13,16
Varde,20-24,14,26,12,13,13,17,12,14,20,22,14,10,13,17,17,19,23,21,24,38,25,19,28,25
Varde,25-29,18,24,13,13,22,10,18,10,15,12,20,12,12,10,14,22,25,10,16,15,18,15,22,25
Varde,30-34,20,19,20,22,26,25,21,30,12,19,15,14,21,15,22,20,21,21,14,21,19,15,27,27
Varde,35-39,17,16,14,11,17,14,14,14,22,25,21,18,12,17,19,14,21,11,13,18,10,10,17,12
Varde,40-44,6,5,<5,5,7,8,<5,5,5,9,11,10,5,<5,<5,5,<5,<5,<5,<5,10,<5,<5,8
Varde,45-49,<5,<5,<5,<5,<5,<5,<5,-,-,<5,-,-,-,-,<5,-,<5,-,<5,-,-,-,-,-
Vejen,Alle aldre,93,87,86,98,89,94,75,96,91,91,70,70,90,94,109,87,96,100,101,80,80,93,76,81
Vejen,15-19,18,13,13,15,15,15,7,18,18,13,13,10,16,24,16,17,15,21,11,12,15,17,10,8
Vejen,20-24,19,22,14,16,12,20,20,17,20,12,16,13,16,15,24,16,21,27,21,17,14,20,19,16
Vejen,25-29,24,16,22,15,22,17,11,18,18,22,12,21,16,10,20,21,21,15,29,11,17,10,12,22
Vejen,30-34,19,19,22,21,15,18,13,22,17,17,16,10,22,25,26,10,23,19,17,19,17,23,16,13
Vejen,35-39,7,12,12,23,20,16,19,14,13,17,10,12,16,13,15,17,11,13,19,16,15,12,13,13
Vejen,40-44,6,<5,<5,8,<5,8,5,6,5,9,<5,<5,<5,7,6,5,5,5,<5,5,<5,11,<5,5
Vejen,45-49,-,<5,-,-,<5,-,-,<5,-,<5,-,-,-,-,<5,<5,-,-,<5,-,<5,-,<5,<5
Aabenraa,Alle aldre,135,160,129,124,120,131,128,126,135,110,140,119,130,137,141,141,136,128,162,147,130,111,123,131
Aabenraa,15-19,17,30,23,16,17,26,26,25,26,14,20,22,24,19,22,35,21,25,31,21,21,13,13,21
Aabenraa,20-24,25,29,23,24,25,26,25,15,20,32,28,27,25,23,31,23,34,37,43,39,38,27,36,30
Aabenraa,25-29,29,34,24,27,26,19,22,32,25,16,22,17,23,30,32,35,35,26,40,25,28,26,38,37
Aabenraa,30-34,28,34,32,35,24,22,26,23,32,20,31,27,21,31,20,21,18,18,24,28,19,20,18,26
Aabenraa,35-39,29,21,19,18,21,30,21,21,23,19,32,18,23,23,22,14,20,17,15,27,18,16,14,11
Aabenraa,40-44,7,12,8,<5,6,8,6,8,8,8,7,8,12,11,14,11,7,5,6,7,5,9,<5,6
Aabenraa,45-49,-,-,-,-,<5,-,<5,<5,<5,<5,-,-,<5,-,-,<5,<5,-,<5,-,<5,-,-,-
Fredericia,Alle aldre,143,143,126,147,115,144,136,143,139,145,118,135,160,149,146,166,170,175,185,149,147,157,148,147
Fredericia,15-19,30,22,21,19,13,22,21,25,21,19,29,18,29,35,31,34,24,30,34,29,23,21,15,18
Fredericia,20-24,38,33,39,34,34,42,23,33,33,30,24,28,41,39,33,38,53,41,53,32,30,43,37,48
Fredericia,25-29,32,37,23,30,27,25,26,27,27,36,22,40,38,19,28,24,33,30,44,39,33,41,39,34
Fredericia,30-34,23,32,23,41,19,29,28,27,26,27,16,20,26,26,33,41,30,40,33,25,20,30,31,23
Fredericia,35-39,12,16,17,17,19,20,29,24,23,24,16,17,22,18,14,19,24,23,18,21,28,16,16,18
Fredericia,40-44,6,<5,<5,5,<5,6,9,7,7,7,11,12,<5,10,5,9,6,10,<5,<5,11,6,9,6
Fredericia,45-49,<5,-,-,<5,-,-,-,-,<5,<5,-,-,-,<5,<5,<5,-,<5,-,-,<5,-,<5,-
Horsens,Alle aldre,218,197,199,211,202,200,191,202,193,213,214,201,171,213,226,230,214,282,249,259,246,243,215,213
Horsens,15-19,32,25,28,25,23,34,31,41,32,32,32,33,31,26,30,36,43,39,36,39,26,37,20,18
Horsens,20-24,65,47,42,47,33,28,26,38,44,44,53,39,35,55,61,68,67,85,66,70,75,64,61,53
Horsens,25-29,37,44,42,41,51,41,50,37,33,39,34,46,33,45,40,43,38,53,45,53,63,55,59,60
Horsens,30-34,46,41,53,51,52,46,28,38,44,42,51,44,37,41,45,36,26,43,56,37,39,45,33,36
Horsens,35-39,27,21,25,34,31,35,41,43,29,43,31,20,27,35,31,37,24,47,35,49,26,28,33,32
Horsens,40-44,10,13,8,8,12,14,14,5,11,11,10,19,7,11,17,10,14,10,10,11,17,11,9,10
Horsens,45-49,<5,6,<5,5,-,<5,<5,-,-,<5,<5,-,<5,-,<5,-,<5,5,<5,-,-,<5,-,<5
Kolding,Alle aldre,208,200,215,220,212,198,113,136,197,218,231,195,198,255,231,229,225,252,244,235,239,236,221,242
Kolding,15-19,30,26,32,21,29,33,22,19,25,31,47,45,24,54,37,27,39,35,38,43,25,31,32,34
Kolding,20-24,56,47,40,49,41,45,23,30,46,56,37,37,31,54,50,62,57,70,71,61,69,62,64,63
Kolding,25-29,51,40,45,43,52,45,29,29,44,44,51,33,49,49,54,50,46,59,48,59,61,54,53,59
Kolding,30-34,39,37,48,48,54,38,17,26,42,43,43,38,46,50,44,41,41,44,39,43,45,49,35,33
Kolding,35-39,22,36,35,47,27,30,18,26,25,33,42,30,37,31,30,32,33,32,36,19,25,30,25,36
Kolding,40-44,9,13,14,11,8,5,<5,6,14,11,10,10,11,17,14,15,8,11,12,7,13,8,12,17
Kolding,45-49,<5,<5,<5,<5,<5,<5,-,-,<5,-,<5,<5,-,-,<5,<5,<5,<5,-,<5,<5,<5,-,-
Vejle,Alle aldre,246,213,213,208,244,208,197,159,227,229,227,220,227,233,251,250,271,302,277,250,239,252,240,256
Vejle,15-19,36,25,27,27,28,25,15,19,27,30,32,24,39,28,38,47,43,51,45,28,32,30,24,19
Vejle,20-24,54,43,60,45,36,44,35,26,41,41,51,49,50,49,51,69,70,82,69,63,61,54,60,78
Vejle,25-29,52,52,34,46,44,32,45,30,54,40,41,46,39,44,50,42,53,54,52,72,44,63,64,60
Vejle,30-34,60,55,42,45,72,56,40,42,40,55,31,54,52,53,43,35,39,54,55,42,46,49,42,54
Vejle,35-39,31,24,36,25,46,42,45,34,49,47,53,22,31,43,47,35,48,43,36,28,40,39,31,31
Vejle,40-44,12,14,14,18,16,7,16,6,15,16,17,25,14,15,17,21,14,17,16,16,14,16,14,14
Vejle,45-49,<5,-,-,<5,<5,<5,<5,<5,<5,-,<5,-,<5,<5,5,<5,<5,<5,<5,<5,<5,<5,5,-
Herning,Alle aldre,186,163,178,160,152,141,162,168,160,135,156,134,150,154,172,165,153,180,167,179,188,160,180,161
Herning,15-19,21,25,17,21,8,21,28,38,13,25,25,27,24,29,34,19,22,22,27,23,20,25,21,14
Herning,20-24,35,32,40,29,38,28,30,29,38,20,28,24,29,36,41,38,44,55,49,53,62,44,46,47
Herning,25-29,56,37,33,33,29,28,22,34,34,24,23,24,22,25,25,24,20,33,33,44,41,35,41,35
Herning,30-34,38,33,54,39,42,34,36,23,34,28,41,29,38,33,33,38,33,30,25,25,24,23,30,28
Herning,35-39,25,25,25,30,23,20,37,31,31,27,25,19,29,21,29,30,25,27,25,27,25,22,27,22
Herning,40-44,11,9,8,8,12,9,9,11,10,10,13,8,7,9,10,15,9,13,7,5,13,9,14,14
Herning,45-49,-,<5,<5,-,-,<5,-,<5,-,<5,<5,<5,<5,<5,-,<5,-,-,<5,<5,<5,<5,<5,<5
Holstebro,Alle aldre,133,115,133,113,111,105,100,75,99,102,105,119,94,127,105,101,106,120,117,107,111,95,129,113
Holstebro,15-19,23,17,19,17,17,17,20,8,18,14,19,23,15,17,20,16,12,17,19,12,15,14,10,11
Holstebro,20-24,22,34,23,24,18,18,16,17,16,17,25,24,27,36,16,27,28,37,36,26,35,20,38,25
Holstebro,25-29,32,20,29,27,28,16,18,16,14,20,17,14,13,24,22,18,22,23,26,30,19,28,33,29
Holstebro,30-34,26,22,27,22,25,28,22,18,32,24,21,25,19,23,24,18,16,18,19,16,16,19,22,24
Holstebro,35-39,18,14,29,14,16,22,22,12,15,18,18,24,15,18,15,19,20,17,14,19,14,11,13,14
Holstebro,40-44,10,8,5,8,6,<5,<5,<5,<5,7,5,8,5,6,8,<5,6,7,<5,<5,11,<5,12,7
Holstebro,45-49,<5,-,<5,<5,<5,-,-,-,-,<5,-,<5,-,<5,-,<5,<5,<5,-,-,<5,-,<5,<5
Lemvig,Alle aldre,39,38,43,42,45,42,34,28,32,37,30,19,31,28,35,26,41,21,33,16,35,27,26,26
Lemvig,15-19,5,5,7,12,6,<5,<5,8,11,<5,5,5,6,7,<5,6,9,<5,5,<5,6,5,5,<5
Lemvig,20-24,12,<5,15,10,16,6,<5,6,<5,11,8,<5,<5,<5,7,7,8,<5,9,<5,7,5,5,7
Lemvig,25-29,7,8,5,5,6,10,13,5,<5,8,<5,<5,<5,<5,7,<5,6,<5,8,<5,5,8,6,<5
Lemvig,30-34,5,6,5,6,9,14,7,<5,7,<5,8,<5,8,<5,9,7,9,6,<5,5,11,5,7,8
Lemvig,35-39,9,6,9,5,5,7,5,5,6,11,<5,<5,6,6,<5,<5,<5,5,6,<5,<5,<5,<5,<5
Lemvig,40-44,<5,10,<5,<5,<5,<5,<5,<5,<5,-,<5,<5,<5,<5,<5,-,5,<5,<5,<5,<5,<5,<5,-
Lemvig,45-49,-,-,<5,<5,<5,<5,-,-,<5,-,-,-,-,-,<5,-,-,-,-,-,-,<5,-,-
Struer,Alle aldre,56,52,56,58,52,39,40,22,34,45,34,35,45,41,41,33,34,33,32,42,37,31,33,46
Struer,15-19,12,6,7,10,6,<5,7,<5,<5,<5,<5,5,8,8,9,<5,<5,7,5,10,<5,5,5,7
Struer,20-24,13,10,12,15,15,7,<5,6,5,9,10,7,8,8,5,5,8,7,8,<5,12,<5,8,8
Struer,25-29,10,15,10,9,16,9,13,5,5,8,8,8,6,<5,6,11,8,7,6,10,6,8,8,14
Struer,30-34,10,10,10,11,7,11,7,<5,11,11,6,7,5,16,12,<5,<5,<5,6,10,10,6,7,7
Struer,35-39,11,7,14,9,8,8,8,<5,6,12,<5,5,17,5,7,5,5,<5,5,5,<5,6,<5,6
Struer,40-44,-,<5,<5,<5,-,<5,<5,-,5,<5,<5,<5,<5,<5,<5,<5,5,5,<5,<5,<5,<5,<5,<5
Struer,45-49,-,-,-,-,-,-,-,<5,-,-,-,-,-,-,<5,<5,<5,-,-,-,-,-,-,-
Syddjurs,Alle aldre,107,107,88,88,81,102,106,87,100,87,78,76,97,104,97,115,92,83,88,95,79,76,78,85
Syddjurs,15-19,21,13,13,15,8,16,14,11,18,21,20,13,21,19,18,24,23,11,12,19,9,9,9,10
Syddjurs,20-24,21,27,19,16,18,20,17,18,16,13,10,10,14,18,18,17,17,10,13,20,14,13,15,16
Syddjurs,25-29,21,28,16,18,12,16,11,18,21,14,12,13,12,21,9,21,10,20,18,13,16,17,12,13
Syddjurs,30-34,28,16,18,22,23,24,29,18,22,15,15,12,25,13,24,16,16,15,21,23,15,16,16,17
Syddjurs,35-39,7,17,16,13,14,17,22,16,16,19,13,18,15,24,19,23,15,13,13,11,11,16,19,21
Syddjurs,40-44,8,<5,5,<5,5,7,11,6,7,5,7,10,9,7,9,12,11,13,10,8,12,5,6,8
Syddjurs,45-49,<5,<5,<5,-,<5,<5,<5,-,-,-,<5,-,<5,<5,-,<5,-,<5,<5,<5,<5,-,<5,-
Norddjurs,Alle aldre,120,106,95,76,103,94,95,86,86,98,99,79,77,90,105,106,84,94,95,80,87,85,87,103
Norddjurs,15-19,23,21,15,11,10,9,12,17,15,18,25,14,22,21,21,20,15,13,18,19,22,10,6,9
Norddjurs,20-24,23,14,21,14,20,14,16,16,15,18,17,14,12,21,25,27,18,20,29,24,19,36,27,26
Norddjurs,25-29,25,20,14,17,16,22,15,13,18,18,15,15,13,14,17,22,13,13,12,15,16,22,23,28
Norddjurs,30-34,23,28,24,16,32,32,22,21,11,19,19,18,12,18,16,19,16,18,12,6,13,8,20,23
Norddjurs,35-39,17,19,16,14,21,12,23,14,22,16,18,14,14,10,13,16,11,15,15,12,11,7,8,13
Norddjurs,40-44,5,<5,<5,<5,<5,<5,7,5,<5,9,5,<5,<5,6,11,<5,11,14,9,<5,6,<5,<5,<5
Norddjurs,45-49,<5,<5,<5,<5,-,<5,-,-,<5,-,-,-,-,-,<5,-,-,<5,-,<5,-,-,-,-
Favrskov,Alle aldre,102,105,107,98,86,84,100,80,96,69,92,68,74,78,88,92,80,81,80,81,97,85,86,81
Favrskov,15-19,22,20,20,16,11,13,14,11,13,12,14,10,8,17,16,14,13,14,15,12,11,14,11,7
Favrskov,20-24,12,16,18,12,11,19,19,9,13,<5,12,15,10,7,12,7,16,14,17,19,15,21,13,17
Favrskov,25-29,17,26,16,26,19,13,13,16,12,15,19,14,6,13,15,19,13,7,17,8,18,22,23,17
Favrskov,30-34,25,19,25,22,24,18,25,10,25,16,25,13,23,22,18,26,14,24,13,18,13,11,18,13
Favrskov,35-39,19,20,23,16,16,17,22,26,25,19,12,11,15,17,21,16,17,20,12,17,27,10,16,19
Favrskov,40-44,7,<5,5,6,<5,<5,6,7,6,<5,10,5,10,<5,5,9,7,-,6,7,11,7,<5,8
Favrskov,45-49,-,-,-,-,<5,<5,<5,<5,<5,-,-,-,<5,-,<5,<5,-,<5,-,-,<5,-,<5,-
Odder,Alle aldre,51,75,59,37,40,46,33,50,42,37,45,54,59,50,41,56,51,65,42,41,35,38,39,45
Odder,15-19,11,8,10,10,5,<5,<5,8,6,12,6,12,7,16,7,19,6,9,<5,<5,10,<5,5,7
Odder,20-24,6,9,8,7,6,5,<5,8,7,7,11,6,11,10,8,11,10,15,15,18,8,9,9,11
Odder,25-29,12,13,13,6,11,8,11,5,6,<5,9,9,5,6,9,7,5,7,5,8,<5,7,9,7
Odder,30-34,15,19,8,7,7,13,9,10,5,11,10,12,12,6,9,14,8,13,9,5,6,9,5,8
Odder,35-39,5,19,13,<5,8,15,<5,13,12,<5,5,10,16,8,<5,<5,13,12,<5,<5,8,8,6,7
Odder,40-44,<5,5,7,<5,<5,<5,<5,5,6,<5,<5,5,8,<5,<5,<5,9,8,6,<5,<5,<5,5,5
Odder,45-49,-,<5,-,-,-,-,-,<5,-,-,-,-,-,-,<5,-,-,<5,-,-,-,-,-,-
Randers,Alle aldre,274,269,235,225,246,246,253,230,238,226,238,242,251,275,254,303,262,262,317,267,300,276,312,315
Randers,15-19,55,40,31,29,48,38,45,33,35,39,42,52,46,55,41,54,55,47,46,47,39,39,24,21
Randers,20-24,53,65,47,52,48,52,50,58,58,54,52,56,59,63,63,90,87,76,95,61,79,89,79,89
Randers,25-29,59,62,63,52,52,48,54,46,50,37,47,46,40,50,43,52,43,50,67,58,81,58,89,82
Randers,30-34,59,52,54,43,46,50,50,47,49,44,47,40,57,41,47,45,37,39,52,48,42,47,61,64
Randers,35-39,32,34,33,28,40,49,37,32,37,31,37,38,40,49,42,41,26,41,40,36,38,26,40,35
Randers,40-44,16,15,7,18,11,9,17,13,9,20,12,10,9,15,14,21,11,6,14,15,19,16,18,20
Randers,45-49,-,<5,-,<5,<5,-,-,<5,-,<5,<5,-,-,<5,<5,-,<5,<5,<5,<5,<5,<5,<5,<5
Silkeborg,Alle aldre,211,237,177,212,206,197,172,163,154,147,179,173,206,180,204,204,189,218,212,197,204,188,178,185
Silkeborg,15-19,26,33,27,25,18,19,17,18,22,36,35,29,39,26,40,30,36,41,34,26,23,21,18,26
Silkeborg,20-24,46,58,31,46,40,39,35,26,18,24,30,28,46,42,35,48,38,53,55,46,55,55,39,38
Silkeborg,25-29,42,52,31,38,41,41,34,28,32,27,30,38,37,29,35,40,35,34,37,39,41,37,53,42
Silkeborg,30-34,54,48,48,59,62,46,44,45,35,28,46,32,35,33,47,35,26,39,36,38,36,33,31,30
Silkeborg,35-39,34,25,31,32,35,36,31,39,39,24,25,28,34,39,33,36,39,36,28,28,34,29,28,31
Silkeborg,40-44,8,19,8,9,10,14,9,7,7,8,12,18,12,9,10,15,14,14,21,18,15,11,8,16
Silkeborg,45-49,<5,<5,<5,<5,-,<5,<5,-,<5,-,<5,-,<5,<5,<5,-,<5,<5,<5,<5,-,<5,<5,<5
Skanderborg,Alle aldre,131,149,150,97,121,102,127,127,117,83,84,109,118,108,109,133,97,117,104,95,105,99,100,103
Skanderborg,15-19,19,15,21,10,17,18,17,13,17,12,16,14,21,19,18,27,15,19,20,13,14,17,15,16
Skanderborg,20-24,23,19,28,15,16,15,16,25,22,13,11,16,13,18,23,28,12,17,23,21,24,14,22,17
Skanderborg,25-29,27,30,29,19,22,16,21,18,13,10,9,11,15,10,11,15,14,20,13,22,18,15,19,22
Skanderborg,30-34,31,37,36,26,33,25,31,27,24,18,28,23,23,27,23,23,25,25,17,17,18,21,20,23
Skanderborg,35-39,23,39,28,14,25,21,32,34,32,20,17,34,28,19,22,29,22,21,21,13,21,19,17,18
Skanderborg,40-44,6,8,7,13,6,6,10,9,9,10,<5,11,17,15,11,10,9,14,9,9,9,12,6,7
Skanderborg,45-49,<5,<5,<5,-,<5,<5,-,<5,-,-,-,-,<5,-,<5,<5,-,<5,<5,-,<5,<5,<5,-
Aarhus,Alle aldre,1372,1186,1107,1114,964,999,992,875,973,942,895,991,1011,972,1025,993,936,838,1022,975,1018,921,907,1057
Aarhus,15-19,164,125,98,127,94,119,103,109,118,130,126,139,136,142,143,131,97,100,114,111,93,54,70,65
Aarhus,20-24,378,343,281,226,216,211,226,206,242,214,184,239,269,273,299,319,286,251,347,305,311,265,252,296
Aarhus,25-29,328,274,288,302,236,224,239,192,195,188,179,185,194,190,190,182,190,162,218,218,253,247,239,282
Aarhus,30-34,276,238,250,239,215,206,201,165,192,197,176,186,170,169,171,155,169,150,164,157,166,178,182,193
Aarhus,35-39,148,150,132,151,147,166,155,144,155,158,163,150,174,133,159,137,138,110,121,123,129,117,116,142
Aarhus,40-44,67,53,49,63,52,68,68,57,66,54,63,89,64,58,57,63,48,57,54,56,53,57,45,76
Aarhus,45-49,11,<5,9,6,<5,5,-,<5,5,<5,<5,<5,<5,7,6,6,8,8,<5,5,13,<5,<5,<5
Ikast-Brande,Ukendt alder,-,-,-,-,-,-,-,-,-,-,-,-,-,-,-,-,-,-,-,-,-,-,-,<5
Ikast-Brande,Alle aldre,98,91,79,72,74,78,72,72,83,83,85,77,65,72,81,87,83,80,74,90,75,83,80,82
Ikast-Brande,15-19,15,12,13,15,11,12,14,8,9,14,13,13,10,11,11,14,10,15,6,13,15,7,6,5
Ikast-Brande,20-24,23,26,17,14,11,14,13,14,19,13,18,12,14,17,17,20,13,15,17,20,14,11,19,14
Ikast-Brande,25-29,15,15,25,10,14,15,15,18,17,11,15,16,11,14,10,15,22,18,18,20,20,21,23,19
Ikast-Brande,30-34,26,14,12,13,21,26,17,17,19,22,17,17,12,10,21,15,15,14,22,21,13,19,11,19
Ikast-Brande,35-39,13,13,10,12,12,9,11,12,12,15,16,10,11,15,11,16,17,13,6,13,7,18,16,20
Ikast-Brande,40-44,6,11,<5,8,<5,<5,<5,<5,6,8,6,9,6,5,10,6,5,5,5,<5,6,7,5,<5
Ikast-Brande,45-49,-,-,-,-,<5,-,<5,-,<5,-,-,-,<5,-,<5,<5,<5,-,-,-,-,-,-,-
Ringkøbing-Skjern,Alle aldre,86,98,116,101,96,104,75,94,77,83,91,88,91,102,93,89,80,77,95,75,91,83,80,75
Ringkøbing-Skjern,15-19,19,20,17,14,16,19,9,12,7,17,25,17,14,19,22,14,19,20,18,15,11,15,6,7
Ringkøbing-Skjern,20-24,17,18,27,17,17,21,13,18,16,12,13,11,22,28,20,22,16,16,24,16,22,12,17,19
Ringkøbing-Skjern,25-29,13,18,15,22,13,17,15,29,9,18,16,20,16,19,17,12,10,16,14,17,25,17,17,19
Ringkøbing-Skjern,30-34,14,26,29,25,25,22,12,17,15,19,20,15,18,15,18,14,14,12,15,11,15,15,18,12
Ringkøbing-Skjern,35-39,17,13,23,18,19,17,16,14,21,11,10,18,16,12,9,20,11,6,14,12,14,16,17,14
Ringkøbing-Skjern,40-44,6,<5,5,5,<5,7,9,<5,7,5,7,7,5,9,6,5,10,6,8,<5,<5,7,<5,<5
Ringkøbing-Skjern,45-49,-,-,-,-,<5,<5,<5,-,<5,<5,-,-,-,-,<5,<5,-,<5,<5,-,-,<5,<5,-
Hedensted,Alle aldre,74,82,73,60,77,79,66,64,79,93,72,78,72,100,89,93,79,107,89,85,84,77,78,65
Hedensted,15-19,10,13,14,6,17,13,12,9,12,17,14,11,14,10,22,16,15,19,11,19,16,10,6,10
Hedensted,20-24,16,12,9,9,12,11,11,18,13,8,5,9,10,14,8,17,12,25,18,11,18,9,20,15
Hedensted,25-29,17,17,12,12,13,19,14,7,12,22,10,16,13,23,17,12,15,22,17,21,15,29,19,12
Hedensted,30-34,10,17,24,20,20,21,12,15,24,22,20,23,16,25,20,19,15,17,15,15,19,14,20,13
Hedensted,35-39,13,17,9,9,12,12,13,12,15,19,16,12,13,18,18,17,17,19,19,11,10,10,6,8
Hedensted,40-44,8,6,5,<5,<5,<5,<5,<5,<5,<5,6,6,6,10,<5,11,5,<5,9,8,6,<5,6,6
Hedensted,45-49,-,-,-,-,<5,-,-,-,-,<5,<5,<5,-,-,-,<5,-,<5,-,-,-,<5,<5,<5
Morsø,Alle aldre,45,41,60,45,45,44,38,40,55,38,31,30,44,40,52,47,38,36,30,38,44,25,48,50
Morsø,15-19,10,10,6,5,7,6,6,<5,7,<5,5,7,12,10,7,7,6,8,<5,6,6,<5,8,7
Morsø,20-24,9,9,15,13,14,9,<5,10,11,7,<5,6,8,7,10,15,16,7,13,8,12,9,17,16
Morsø,25-29,11,11,16,10,10,10,7,13,6,12,<5,7,<5,<5,11,7,<5,9,5,7,9,5,9,14
Morsø,30-34,7,7,10,9,<5,12,10,5,12,10,10,7,11,11,9,<5,7,<5,<5,7,7,7,5,9
Morsø,35-39,<5,<5,13,5,8,<5,11,6,15,5,7,<5,6,7,12,9,<5,5,<5,5,8,<5,5,<5
Morsø,40-44,5,-,-,<5,<5,<5,-,<5,<5,<5,<5,<5,<5,<5,<5,<5,<5,<5,<5,5,<5,<5,<5,<5
Morsø,45-49,-,-,-,<5,<5,-,-,-,-,-,-,-,<5,-,-,<5,-,-,-,-,-,-,<5,-
Skive,Alle aldre,99,124,89,105,102,99,95,110,106,88,95,92,112,106,116,97,100,73,102,102,104,99,86,89
Skive,15-19,11,25,9,19,16,17,12,13,14,18,21,19,24,29,29,13,23,16,21,14,17,14,6,6
Skive,20-24,30,25,28,22,20,18,15,23,20,23,16,17,23,25,28,25,26,13,20,27,36,26,29,17
Skive,25-29,26,22,15,28,20,23,20,13,19,12,14,16,14,17,17,18,21,15,20,19,21,31,17,23
Skive,30-34,14,23,20,19,23,23,19,26,24,18,19,20,22,14,16,13,13,<5,21,18,13,12,13,22
Skive,35-39,13,23,12,14,16,13,20,21,22,12,17,13,23,17,20,19,9,17,12,18,11,10,12,13
Skive,40-44,<5,6,5,<5,7,5,9,11,7,5,8,7,6,<5,5,9,7,9,7,6,<5,5,8,8
Skive,45-49,<5,-,-,-,-,-,-,<5,-,-,-,-,-,-,<5,-,<5,-,<5,-,<5,<5,<5,-
Thisted,Alle aldre,97,101,87,82,90,74,85,78,65,107,77,71,89,84,71,75,75,77,64,64,77,66,74,84
Thisted,15-19,11,17,15,16,13,14,13,9,14,20,11,15,16,14,13,14,7,12,10,10,7,10,6,9
Thisted,20-24,19,17,19,15,14,10,19,15,8,19,17,14,18,16,17,11,18,19,22,18,19,14,18,13
Thisted,25-29,30,18,12,17,8,16,18,16,15,16,12,7,20,8,13,14,14,10,12,15,23,17,20,26
Thisted,30-34,16,25,25,16,32,16,19,19,12,24,17,23,19,14,9,15,15,16,12,7,18,15,14,19
Thisted,35-39,14,14,12,13,17,9,5,13,9,19,14,5,11,21,10,16,17,10,6,10,5,8,13,11
Thisted,40-44,5,9,<5,5,5,8,9,5,7,9,6,6,5,10,8,5,<5,9,<5,<5,<5,<5,<5,5
Thisted,45-49,<5,<5,<5,-,<5,<5,<5,<5,-,-,-,<5,-,<5,<5,-,-,<5,-,<5,<5,-,<5,<5
Viborg,Alle aldre,220,215,214,187,190,208,162,189,200,199,202,180,212,235,216,212,208,221,209,192,198,232,220,180
Viborg,15-19,29,23,35,18,19,29,17,25,22,25,35,33,43,46,36,38,39,33,34,27,25,22,29,25
Viborg,20-24,48,47,44,42,27,33,31,35,39,32,41,40,29,46,50,48,49,67,54,47,51,64,46,41
Viborg,25-29,49,51,42,48,46,45,28,27,45,33,22,27,41,35,35,40,27,37,45,34,50,58,55,46
Viborg,30-34,42,58,49,40,47,53,37,47,37,49,45,33,36,48,45,43,42,30,32,31,33,45,49,34
Viborg,35-39,34,26,28,25,30,29,38,46,39,43,38,28,41,39,33,27,36,37,28,34,22,24,35,20
Viborg,40-44,17,9,15,12,18,19,10,9,17,16,20,18,19,19,17,15,15,13,12,17,14,18,6,14
Viborg,45-49,<5,<5,<5,<5,<5,-,<5,-,<5,<5,<5,<5,<5,<5,-,<5,-,<5,<5,<5,<5,<5,-,-
Brønderslev,Alle aldre,83,87,81,62,83,77,61,80,68,67,78,65,64,76,73,79,76,75,61,76,86,85,60,81
Brønderslev,15-19,12,15,16,12,9,7,8,15,11,16,18,11,11,18,11,15,10,12,7,7,14,17,<5,7
Brønderslev,20-24,22,15,12,6,14,17,6,9,13,12,15,19,15,14,10,20,21,16,15,14,16,17,12,15
Brønderslev,25-29,13,18,13,11,15,19,15,20,11,12,13,11,12,13,15,8,12,9,16,27,22,21,15,19
Brønderslev,30-34,15,23,22,15,26,19,16,14,16,13,11,8,11,14,18,16,12,23,10,15,18,17,16,25
Brønderslev,35-39,17,13,12,11,14,11,12,18,11,10,15,10,7,12,14,13,16,10,11,8,12,9,10,12
Brønderslev,40-44,<5,<5,6,6,5,<5,<5,<5,6,<5,6,5,7,5,5,7,5,<5,<5,5,<5,<5,<5,<5
Brønderslev,45-49,<5,-,-,<5,-,-,-,-,-,-,-,<5,<5,-,-,-,-,<5,-,-,-,-,<5,<5
Frederikshavn,Alle aldre,142,154,146,138,121,150,127,150,132,135,118,92,127,122,131,137,129,144,116,125,139,124,120,124
Frederikshavn,15-19,21,31,22,19,20,19,19,27,25,22,24,19,25,25,24,21,21,27,16,19,28,11,10,11
Frederikshavn,20-24,35,41,35,34,27,41,22,28,17,29,22,25,27,31,35,36,32,36,31,31,36,41,40,32
Frederikshavn,25-29,29,27,31,31,26,27,27,27,25,19,23,16,28,20,30,29,29,27,24,25,24,24,22,33
Frederikshavn,30-34,27,32,30,33,29,29,24,32,35,33,22,13,20,18,16,23,29,17,18,33,27,26,18,25
Frederikshavn,35-39,19,15,20,16,14,25,23,27,23,21,15,14,18,20,18,20,15,26,18,10,17,14,25,17
Frederikshavn,40-44,9,8,5,5,<5,9,10,8,7,10,12,5,9,8,8,8,<5,11,9,7,7,8,<5,5
Frederikshavn,45-49,<5,-,<5,-,<5,-,<5,<5,-,<5,-,-,-,-,-,-,<5,-,-,-,-,-,<5,<5
Vesthimmerlands,Alle aldre,78,92,75,81,92,83,73,78,104,73,80,71,82,71,94,83,72,76,88,76,83,90,66,88
Vesthimmerlands,15-19,10,16,14,12,15,13,12,13,17,14,21,14,18,15,13,15,8,11,10,12,7,13,11,14
Vesthimmerlands,20-24,15,16,18,16,21,20,11,19,15,6,11,13,17,11,26,18,20,22,30,16,21,19,13,11
Vesthimmerlands,25-29,17,21,8,17,14,11,10,10,22,12,11,9,16,16,19,17,13,19,16,13,21,25,15,23
Vesthimmerlands,30-34,16,18,22,14,23,22,19,12,25,22,15,17,12,16,19,23,14,15,17,20,20,17,14,20
Vesthimmerlands,35-39,16,12,8,15,13,13,14,17,14,14,18,12,15,9,15,6,10,6,10,13,<5,12,12,14
Vesthimmerlands,40-44,<5,9,<5,6,6,<5,7,5,10,5,<5,6,<5,<5,<5,<5,6,<5,5,<5,9,<5,<5,6
Vesthimmerlands,45-49,-,-,<5,<5,-,<5,-,<5,<5,-,-,-,-,-,-,-,<5,-,-,-,<5,-,-,-
Rebild,Alle aldre,65,54,75,53,82,62,57,51,59,63,37,65,58,49,52,55,48,46,62,74,59,45,56,57
Rebild,15-19,10,12,10,11,15,12,7,11,10,13,<5,8,15,10,13,9,13,9,11,18,6,9,<5,8
Rebild,20-24,9,7,6,7,18,8,6,8,<5,8,8,14,10,5,5,10,7,10,17,12,14,11,13,12
Rebild,25-29,11,13,16,11,8,13,8,8,13,14,5,12,6,12,9,13,9,7,9,13,16,10,15,12
Rebild,30-34,16,9,21,9,20,14,19,6,18,14,7,15,8,10,9,7,6,9,8,9,13,6,11,10
Rebild,35-39,13,6,13,11,9,8,11,15,9,10,8,14,12,9,11,13,8,8,8,10,5,<5,8,9
Rebild,40-44,6,7,9,<5,10,6,5,<5,5,<5,<5,<5,6,<5,5,<5,<5,<5,8,10,5,5,5,5
Rebild,45-49,-,-,-,-,<5,<5,<5,-,-,-,<5,-,<5,<5,-,-,<5,-,<5,<5,-,-,-,<5
Mariagerfjord,Alle aldre,87,98,96,92,104,112,104,100,97,83,87,81,92,91,95,119,95,108,100,106,84,86,79,84
Mariagerfjord,15-19,13,10,16,16,14,16,18,16,23,16,18,19,22,24,18,31,17,19,17,22,12,11,14,7
Mariagerfjord,20-24,21,18,13,14,20,24,26,17,14,11,13,13,16,19,16,23,28,32,26,22,20,25,20,25
Mariagerfjord,25-29,15,19,19,22,22,20,12,20,16,13,17,14,14,16,12,20,17,15,15,22,18,13,16,25
Mariagerfjord,30-34,21,29,27,25,18,31,22,19,19,19,20,20,22,12,27,20,15,20,15,19,14,18,12,10
Mariagerfjord,35-39,11,13,15,6,26,15,17,25,20,20,16,6,16,13,18,18,13,18,20,12,15,13,12,14
Mariagerfjord,40-44,5,8,6,8,<5,6,7,<5,5,<5,<5,8,<5,5,<5,6,<5,<5,7,8,5,5,<5,<5
Mariagerfjord,45-49,<5,<5,-,<5,<5,-,<5,-,-,<5,-,<5,-,<5,<5,<5,<5,-,-,<5,-,<5,<5,-
Jammerbugt,Alle aldre,83,87,102,102,79,81,91,93,70,74,75,81,66,68,81,83,80,69,72,85,70,69,75,84
Jammerbugt,15-19,21,13,17,12,8,12,16,9,16,14,10,20,10,12,21,17,21,17,22,19,8,8,14,10
Jammerbugt,20-24,10,24,23,19,20,13,16,17,9,<5,10,13,8,12,15,14,15,18,10,18,13,21,18,18
Jammerbugt,25-29,14,18,23,18,14,25,18,27,10,16,11,14,9,9,15,10,11,11,19,9,12,14,18,24
Jammerbugt,30-34,17,19,18,23,16,17,17,16,15,18,18,23,16,16,14,20,13,7,<5,18,18,9,5,13
Jammerbugt,35-39,13,8,14,21,17,11,19,14,12,19,22,5,10,18,14,14,18,13,12,15,13,11,13,14
Jammerbugt,40-44,8,5,7,7,<5,<5,5,10,7,<5,<5,5,12,<5,<5,7,<5,<5,5,5,5,6,6,<5
Jammerbugt,45-49,-,-,-,<5,-,-,-,-,<5,-,-,<5,<5,-,<5,<5,-,-,-,<5,<5,-,<5,<5
Aalborg,Alle aldre,652,659,649,606,593,591,542,543,558,572,519,521,525,592,592,596,561,565,593,587,540,507,583,574
Aalborg,15-19,81,80,75,74,71,63,51,59,66,80,78,84,98,110,100,86,88,83,84,98,70,58,59,44
Aalborg,20-24,170,174,180,139,129,136,126,135,131,147,139,128,122,155,162,171,189,189,201,184,166,156,181,190
Aalborg,25-29,161,139,152,125,152,134,126,92,107,127,96,96,122,106,104,106,100,118,120,114,147,117,162,167
Aalborg,30-34,133,155,121,143,133,138,120,129,131,106,100,95,83,113,96,113,92,73,82,91,87,86,84,93
Aalborg,35-39,78,81,85,83,90,88,95,94,90,86,75,85,69,73,87,83,68,70,77,74,44,64,60,55
Aalborg,40-44,28,29,34,40,17,30,22,32,29,25,28,30,28,33,40,33,24,31,28,25,25,24,35,21
Aalborg,45-49,<5,<5,<5,<5,<5,<5,<5,<5,<5,<5,<5,<5,<5,<5,<5,<5,-,<5,<5,<5,<5,<5,<5,<5
Hjørring,Alle aldre,166,195,174,168,160,164,159,147,156,139,111,114,134,144,119,142,128,135,144,148,134,153,151,144
Hjørring,15-19,25,32,28,28,23,26,30,21,25,18,21,20,29,27,28,26,23,32,19,23,21,24,18,24
Hjørring,20-24,43,40,35,43,35,35,37,32,32,23,21,25,23,30,21,36,36,35,47,48,42,45,47,36
Hjørring,25-29,30,45,38,29,29,30,29,25,26,27,19,22,21,26,16,22,21,17,29,35,26,27,37,34
Hjørring,30-34,36,35,36,25,34,38,33,26,33,31,26,19,23,25,26,24,19,24,23,17,24,23,24,29
Hjørring,35-39,24,28,25,29,32,21,22,30,30,32,15,18,25,25,24,23,20,16,19,13,18,21,15,19
Hjørring,40-44,7,14,12,11,7,13,7,11,10,6,9,10,12,10,<5,11,8,11,7,12,<5,11,8,<5
Hjørring,45-49,<5,<5,-,<5,-,<5,<5,<5,-,<5,-,-,<5,<5,-,-,<5,-,-,-,-,<5,<5,-
Udland mv.,Ukendt alder,-,-,-,-,-,-,-,-,-,-,-,-,<5,<5,-,<5,<5,<5,-,<5,<5,13,68,54
Udland mv.,Alle aldre,308,198,175,173,145,198,224,208,175,159,181,172,198,216,213,213,220,200,194,178,200,212,219,195
Udland mv.,15-19,25,21,10,14,9,14,10,11,16,15,15,18,19,17,18,12,14,10,11,7,8,7,6,15
Udland mv.,20-24,71,52,60,48,45,51,60,53,57,44,57,51,62,65,62,54,68,60,44,41,40,55,39,26
Udland mv.,25-29,77,56,47,39,40,50,61,69,49,49,57,62,70,65,66,74,60,70,56,58,66,62,50,39
Udland mv.,30-34,85,42,32,39,26,48,50,35,28,27,26,19,24,39,35,48,48,27,40,41,44,42,36,34
Udland mv.,35-39,38,23,19,26,21,27,33,28,20,16,21,14,12,20,25,19,25,23,33,24,28,23,15,21
Udland mv.,40-44,12,<5,7,7,<5,8,8,11,5,6,5,8,9,8,6,<5,<5,6,9,6,10,9,<5,6
Udland mv.,45-49,-,-,-,-,-,-,<5,<5,-,<5,-,-,<5,-,<5,-,-,<5,<5,-,-,<5,<5,-
